418,DaFuq!?Boom!,19600000,7906181776,Film & Animation,DaFuq!?Boom!,214,United States,US,Entertainment,656,112,106,2304000000,576000,9200000,6900000,110600000,6700000,2016,Jun,6,88.2,328239523,14.7,270663028,37.09024,-95.712891
1,T-Series,245000000,2.28E+11,Music,T-Series,20082,India,IN,Music,1,1,1,2258000000,564600,9000000,6800000,108400000,2000000,2006,Mar,13,28.1,1366417754,5.36,471031528,20.593684,78.96288
4,Cocomelon - Nursery Rhymes,162000000,1.64E+11,Education,Cocomelon - Nursery Rhymes,966,United States,US,Education,2,2,1,1975000000,493800,7900000,5900000,94800000,1000000,2006,Sep,1,88.2,328239523,14.7,270663028,37.09024,-95.712891
5,SET India,159000000,1.48E+11,Shows,SET India,116536,India,IN,Entertainment,3,2,2,1824000000,455900,7300000,5500000,87500000,1000000,2006,Sep,20,28.1,1366417754,5.36,471031528,20.593684,78.96288
22,Zee TV,70500000,73139054467,Entertainment,Zee TV,129204,India,IN,Entertainment,9,6,8,1707000000,426800,6800000,5100000,81900000,900000,2005,Dec,11,28.1,1366417754,5.36,471031528,20.593684,78.96288
140,StarPlus,32000000,26800674545,Entertainment,StarPlus,44892,India,IN,Entertainment,60,38,40,1667000000,416800,6700000,5000000,80000000,1200000,2006,May,19,28.1,1366417754,5.36,471031528,20.593684,78.96288
16,Sony SAB,83000000,1.01E+11,Shows,Sony SAB,71270,India,IN,Entertainment,4,5,7,1657000000,414300,6600000,5000000,79600000,1100000,2007,Aug,4,28.1,1366417754,5.36,471031528,20.593684,78.96288
799,ViralHog,14000000,18917687143,People & Blogs,ViralHog,41117,United States,US,Animals,136,159,3,1364000000,340900,5500000,4100000,65500000,1100000,2014,Aug,22,88.2,328239523,14.7,270663028,37.09024,-95.712891
3,MrBeast,166000000,28368841870,Entertainment,MrBeast,741,United States,US,Entertainment,48,1,1,1348000000,337000,5400000,4000000,64700000,8000000,2012,Feb,20,88.2,328239523,14.7,270663028,37.09024,-95.712891
713,Filaretiki,14800000,15788208522,nan,Filaretiki,2222,United States,US,People,195,152,46,1203000000,300800,4800000,3600000,57800000,1700000,2021,Mar,24,88.2,328239523,14.7,270663028,37.09024,-95.712891
27,Colors TV,64600000,61510906457,Shows,Colors TV,112915,India,IN,Entertainment,10,9,9,1188000000,296900,4800000,3600000,57000000,1100000,2008,Jun,13,28.1,1366417754,5.36,471031528,20.593684,78.96288
311,LeoNata Family,22600000,27084848152,People & Blogs,LeoNata Family,2321,United States,US,People,57,87,11,1174000000,293500,4700000,3500000,56300000,1300000,2021,Sep,28,88.2,328239523,14.7,270663028,37.09024,-95.712891
212,Alan Chikin Chow,26400000,27006526665,Comedy,Alan Chikin Chow,865,United States,US,Comedy,61,63,12,1046000000,261500,4200000,3100000,50200000,1300000,2020,Feb,3,88.2,328239523,14.7,270663028,37.09024,-95.712891
306,Sun TV,22600000,20847038152,People & Blogs,Sun TV,60964,India,IN,Entertainment,109,63,82,982238000,245600,3900000,2900000,47100000,600000,2016,Feb,26,28.1,1366417754,5.36,471031528,20.593684,78.96288
971,_vector_,12400000,7597013023,Comedy,_vector_,398,United States,US,Comedy,720,176,43,903672000,225900,3600000,2700000,43400000,1200000,2019,Mar,24,88.2,328239523,14.7,270663028,37.09024,-95.712891
379,Vijay Television,20400000,29406206620,Entertainment,Vijay Television,51515,India,IN,Entertainment,43,70,100,907534000,226900,3600000,2700000,43600000,400000,2007,Feb,1,28.1,1366417754,5.36,471031528,20.593684,78.96288
365,Yoeslan,20700000,17963202261,Entertainment,Yoeslan,619,United States,US,Entertainment,146,101,96,874796000,218700,3500000,2600000,42000000,1000000,2020,Sep,26,88.2,328239523,14.7,270663028,37.09024,-95.712891
87,Goldmines Gaane Sune Ansune,38300000,16718192386,Music,Goldmines Gaane Sune Ansune,3532,India,IN,Music,170,22,31,814756000,203700,3300000,2400000,39100000,400000,2015,Aug,24,28.1,1366417754,5.36,471031528,20.593684,78.96288
41,Infobells - Hindi,53300000,30516172739,Education,Infobells - Hindi,577,India,IN,Education,37,16,4,815949000,204000,3300000,2400000,39200000,1600000,2014,Jun,6,28.1,1366417754,5.36,471031528,20.593684,78.96288
232,LankyBox,25400000,34300482066,Comedy,LankyBox,8775,United States,US,Games,29,69,18,815341000,203800,3300000,2400000,39100000,600000,2016,Jul,30,88.2,328239523,14.7,270663028,37.09024,-95.712891
11,Zee Music Company,96700000,57856289381,Music,Zee Music Company,8548,India,IN,Music,12,3,2,803613000,200900,3200000,2400000,38600000,1100000,2014,Mar,12,28.1,1366417754,5.36,471031528,20.593684,78.96288
276,That Little Puff,23700000,20289689389,Pets & Animals,That Little Puff,769,United States,US,Animals,118,81,1,755054000,188800,3000000,2300000,36200000,1100000,2020,Aug,29,88.2,328239523,14.7,270663028,37.09024,-95.712891
345,Ishaan Ali 11,21300000,12761253839,People & Blogs,Ishaan Ali 11,951,India,IN,People,301,68,16,729409000,182400,2900000,2200000,35000000,1600000,2016,Jul,27,28.1,1366417754,5.36,471031528,20.593684,78.96288
12,WWE,96000000,77428473662,Sports,WWE,70127,United States,US,Sports,7,6,1,714614000,178700,2900000,2100000,34300000,600000,2007,May,11,88.2,328239523,14.7,270663028,37.09024,-95.712891
68,Masha and The Bear,42400000,24519022988,Shows,Masha and The Bear,1218,United States,US,Film,74,20,5,670459000,167600,2700000,2000000,32200000,1000000,2014,Sep,17,88.2,328239523,14.7,270663028,37.09024,-95.712891
324,Topper Guild,21900000,15552070846,Comedy,Topper Guild,816,United States,US,Comedy,204,91,16,687028000,171800,2700000,2100000,33000000,1900000,2014,Jul,9,88.2,328239523,14.7,270663028,37.09024,-95.712891
10,Vlad and Niki,98900000,77180169894,Entertainment,Vlad and Niki,574,United States,US,Entertainment,8,5,6,580574000,145100,2300000,1700000,27900000,600000,2018,Apr,23,88.2,328239523,14.7,270663028,37.09024,-95.712891
348,Dangal TV Channel,21300000,12895427184,Entertainment,Dangal TV Channel,20225,India,IN,Entertainment,291,67,92,561020000,140300,2200000,1700000,26900000,700000,2017,Aug,2,28.1,1366417754,5.36,471031528,20.593684,78.96288
42,Taylor Swift,52900000,29884657286,Music,Taylor Swift,216,United States,US,Music,40,13,19,528392000,132100,2100000,1600000,25400000,800000,2006,Sep,20,88.2,328239523,14.7,270663028,37.09024,-95.712891
107,Saregama Music,35500000,15657673422,Entertainment,Saregama Music,7566,India,IN,Music,199,27,38,533793000,133400,2100000,1600000,25600000,900000,2013,Jan,4,28.1,1366417754,5.36,471031528,20.593684,78.96288
472,Jake Fellman,18100000,13378360425,Entertainment,Jake Fellman,420,United States,US,Entertainment,274,122,118,497044000,124300,2000000,1500000,23900000,700000,2012,Oct,13,88.2,328239523,14.7,270663028,37.09024,-95.712891
38,YRF,54600000,35302243691,Film & Animation,YRF,3707,India,IN,Music,28,15,16,512093000,128000,2000000,1500000,24600000,500000,2006,Jun,7,28.1,1366417754,5.36,471031528,20.593684,78.96288
23,Pinkfong Baby Shark - Kids' Songs & Stories,68200000,38843229963,Education,Pinkfong Baby Shark - Kids' Songs & Stories,2865,United States,US,Education,23,8,2,473387000,118300,1900000,1400000,22700000,600000,2011,Dec,14,88.2,328239523,14.7,270663028,37.09024,-95.712891
215,D Billions,26200000,31977463002,nan,D Billions,775,United States,US,Entertainment,33,64,58,487076000,121800,1900000,1500000,23400000,200000,2019,Jul,27,88.2,328239523,14.7,270663028,37.09024,-95.712891
516,Aphmau,17400000,17763586483,Gaming,Aphmau,4411,United States,US,Games,152,129,37,439870000,110000,1800000,1300000,21100000,400000,2012,Aug,13,88.2,328239523,14.7,270663028,37.09024,-95.712891
491,Jason Derulo,17900000,9887116267,Music,Jason Derulo,830,United States,US,Music,446,124,105,447891000,112000,1800000,1300000,21500000,400000,2008,Jul,21,88.2,328239523,14.7,270663028,37.09024,-95.712891
390,Marta and Rustam,20200000,19694265358,Comedy,Marta and Rustam,761,United States,US,Comedy,126,106,20,452250000,113100,1800000,1400000,21700000,600000,2021,Jun,21,88.2,328239523,14.7,270663028,37.09024,-95.712891
34,Aaj Tak,57600000,25307753534,News & Politics,Aaj Tak,283775,India,IN,News,71,13,1,461148000,115300,1800000,1400000,22100000,500000,2009,Aug,27,28.1,1366417754,5.36,471031528,20.593684,78.96288
158,Zee News,30500000,16709857823,News & Politics,Zee News,180092,India,IN,News,168,41,4,461472000,115400,1800000,1400000,22200000,600000,2007,Jun,19,28.1,1366417754,5.36,471031528,20.593684,78.96288
90,Sony PAL,38200000,28519339489,Shows,Sony PAL,24089,India,IN,Entertainment,49,23,25,415914000,104000,1700000,1200000,20000000,500000,2014,May,9,28.1,1366417754,5.36,471031528,20.593684,78.96288
748,TV9 Bharatvarsh,14500000,10303519926,People & Blogs,TV9 Bharatvarsh,293516,India,IN,News,414,106,18,418474000,104600,1700000,1300000,20100000,700000,2018,Nov,19,28.1,1366417754,5.36,471031528,20.593684,78.96288
494,Priyal Kukreja,17800000,11057945183,People & Blogs,Priyal Kukreja,772,India,IN,People,378,83,29,431390000,107800,1700000,1300000,20700000,900000,2021,Apr,23,28.1,1366417754,5.36,471031528,20.593684,78.96288
31,Tips Official,59300000,33431802698,Music,Tips Official,4741,India,IN,Music,30,11,10,422634000,105700,1700000,1300000,20300000,600000,2007,May,22,28.1,1366417754,5.36,471031528,20.593684,78.96288
25,ChuChu TV Nursery Rhymes & Kids Songs,65900000,45757850229,Education,ChuChu TV Nursery Rhymes & Kids Songs,633,India,IN,Education,18,7,3,420292000,105100,1700000,1300000,20200000,500000,2013,Feb,9,28.1,1366417754,5.36,471031528,20.593684,78.96288
202,Dushyant kukreja,27100000,17318452893,Entertainment,Dushyant kukreja,889,India,IN,Entertainment,159,49,52,429692000,107400,1700000,1300000,20600000,700000,2015,Sep,26,28.1,1366417754,5.36,471031528,20.593684,78.96288
859,Peet Montzingo,13400000,10022557589,People & Blogs,Peet Montzingo,319,United States,US,People,433,165,52,397715000,99400,1600000,1200000,19100000,500000,2014,Jun,1,88.2,328239523,14.7,270663028,37.09024,-95.712891
597,Daily Dose Of Internet,16100000,6872702790,Entertainment,Daily Dose Of Internet,671,United States,US,Entertainment,851,140,136,399807000,100000,1600000,1200000,19200000,300000,2015,Jul,15,88.2,328239523,14.7,270663028,37.09024,-95.712891
513,News18 India,17500000,7263619576,News & Politics,News18 India,182742,India,IN,News,770,85,10,394106000,98500,1600000,1200000,18900000,700000,2007,Oct,25,28.1,1366417754,5.36,471031528,20.593684,78.96288
307,Heroindori,22600000,9223534599,Comedy,Heroindori,495,India,IN,Entertainment,508,62,81,399152000,99800,1600000,1200000,19200000,1400000,2020,Jun,29,28.1,1366417754,5.36,471031528,20.593684,78.96288
825,The Vishal bhatt,13700000,9596430464,Comedy,The Vishal bhatt,1040,India,IN,Comedy,487,113,36,379240000,94800,1500000,1100000,18200000,600000,2021,Aug,15,28.1,1366417754,5.36,471031528,20.593684,78.96288
780,SEVENGERS,14200000,10238593147,Comedy,SEVENGERS,872,India,IN,Comedy,422,110,33,367898000,92000,1500000,1100000,17700000,400000,2018,Jun,4,28.1,1366417754,5.36,471031528,20.593684,78.96288
360,LIV Crime,20900000,11058049885,People & Blogs,LIV Crime,9850,United States,US,People,372,100,17,383700000,95900,1500000,1200000,18400000,600000,2020,Aug,18,88.2,328239523,14.7,270663028,37.09024,-95.712891
284,Tilak,23400000,9465863821,Film & Animation,Tilak,6672,India,IN,Film,493,56,20,367347000,91800,1500000,1100000,17600000,900000,2020,Oct,10,28.1,1366417754,5.36,471031528,20.593684,78.96288
964,Zee Tamil,12500000,11552190002,Entertainment,Zee Tamil,102699,India,IN,Entertainment,342,123,171,349940000,87500,1400000,1000000,16800000,200000,2008,Aug,26,28.1,1366417754,5.36,471031528,20.593684,78.96288
723,Colors Rishtey,14700000,12362331529,Entertainment,Colors Rishtey,23490,India,IN,Entertainment,310,105,148,347603000,86900,1400000,1000000,16700000,400000,2013,Nov,28,28.1,1366417754,5.36,471031528,20.593684,78.96288
651,Mazhavil Manorama,15300000,16545966132,Entertainment,Mazhavil Manorama,87864,India,IN,Entertainment,175,100,142,361483000,90400,1400000,1100000,17400000,300000,2011,Oct,31,28.1,1366417754,5.36,471031528,20.593684,78.96288
499,jaanvi patel,17700000,7912733203,People & Blogs,jaanvi patel,512,India,IN,People,671,84,30,346753000,86700,1400000,1000000,16600000,900000,2018,Jul,18,28.1,1366417754,5.36,471031528,20.593684,78.96288
93,Like Nastya ESP,37600000,18208196857,Entertainment,Like Nastya ESP,743,United States,US,Entertainment,145,29,28,321026000,80300,1300000,963100,15400000,700000,2017,Apr,22,88.2,328239523,14.7,270663028,37.09024,-95.712891
875,HUBA��,13200000,9884886099,Entertainment,HUBA��,538,United States,US,Entertainment,454,167,163,319647000,79900,1300000,958900,15300000,500000,2021,Feb,20,88.2,328239523,14.7,270663028,37.09024,-95.712891
689,Ray William Johnson,15000000,10239836582,Entertainment,Ray William Johnson,1803,United States,US,Comedy,423,151,29,312858000,78200,1300000,938600,15000000,200000,2008,May,26,88.2,328239523,14.7,270663028,37.09024,-95.712891
623,Prime Video India,15700000,8696631898,Entertainment,Prime Video India,7090,United States,US,Entertainment,569,144,139,335111000,83800,1300000,1000000,16100000,1200000,2016,Oct,3,88.2,328239523,14.7,270663028,37.09024,-95.712891
522,Taarak Mehta Ka Ooltah Chashmah,17300000,11371738047,Entertainment,Taarak Mehta Ka Ooltah Chashmah,4778,India,IN,Entertainment,356,87,125,331944000,83000,1300000,995800,15900000,300000,2014,Aug,4,28.1,1366417754,5.36,471031528,20.593684,78.96288
50,SonyMusicIndiaVEVO,46600000,27286058807,Music,SonyMusicIndiaVEVO,3444,United States,US,Music,55,17,22,314505000,78600,1300000,943500,15100000,400000,2009,Sep,2,88.2,328239523,14.7,270663028,37.09024,-95.712891
257,Super JoJo - Nursery Rhymes & Kids Songs,24100000,329774870,nan,Super JoJo - Nursery Rhymes & Kids Songs,36,United States,US,Education,40117,77,15,328503000,82100,1300000,985500,15800000,100000,2019,May,31,88.2,328239523,14.7,270663028,37.09024,-95.712891
228,TaylorSwiftVEVO,25600000,25592378292,Music,TaylorSwiftVEVO,287,United States,US,Music,67,68,68,318593000,79600,1300000,955800,15300000,100000,2009,May,12,88.2,328239523,14.7,270663028,37.09024,-95.712891
134,DisneyMusicVEVO,32700000,28516250629,Music,DisneyMusicVEVO,2068,United States,US,Music,50,40,45,329861000,82500,1300000,989600,15800000,300000,2010,May,20,88.2,328239523,14.7,270663028,37.09024,-95.712891
113,Genevieve's Playhouse - Learning Videos for Kids,34900000,25607397308,Education,Genevieve's Playhouse - Learning Videos for �,617,United States,US,Film,69,36,7,335307000,83800,1300000,1000000,16100000,300000,2016,Jan,6,88.2,328239523,14.7,270663028,37.09024,-95.712891
109,T-Series Bollywood Classics,35400000,22637783517,Music,T-Series Bollywood Classics,2010,India,IN,Music,94,28,39,331474000,82900,1300000,994400,15900000,500000,2012,Apr,2,28.1,1366417754,5.36,471031528,20.593684,78.96288
293,unknown boy varun,23100000,9299371231,Music,unknown boy varun,456,India,IN,Music,506,58,80,304021000,76000,1200000,912100,14600000,700000,2016,Sep,27,28.1,1366417754,5.36,471031528,20.593684,78.96288
185,infobells - Telugu,28300000,14814192034,Education,infobells - Telugu,505,India,IN,Education,223,45,14,288110000,72000,1200000,864300,13800000,800000,2014,Mar,13,28.1,1366417754,5.36,471031528,20.593684,78.96288
148,Lucas and Marcus,31600000,11615848291,Entertainment,Lucas and Marcus,1321,United States,US,Entertainment,339,42,43,312099000,78000,1200000,936300,15000000,400000,2011,Jan,19,88.2,328239523,14.7,270663028,37.09024,-95.712891
108,IndiaTV,35500000,16105023749,News & Politics,IndiaTV,273255,India,IN,News,185,27,3,290847000,72700,1200000,872500,14000000,600000,2006,Aug,26,28.1,1366417754,5.36,471031528,20.593684,78.96288
972,DEV Ke Facts,12400000,1971226335,nan,DEV Ke Facts,218,India,IN,Education,5034,124,47,273670000,68400,1100000,821000,13100000,600000,2012,Sep,29,28.1,1366417754,5.36,471031528,20.593684,78.96288
96,ABP NEWS,37000000,13102611515,People & Blogs,ABP NEWS,301308,India,IN,News,280,25,2,267060000,66800,1100000,801200,12800000,400000,2012,Jun,1,28.1,1366417754,5.36,471031528,20.593684,78.96288
600,Disney Junior,16100000,15812009296,Entertainment,Disney Junior,4045,United States,US,Entertainment,196,140,136,267131000,66800,1100000,801400,12800000,300000,2008,Apr,22,88.2,328239523,14.7,270663028,37.09024,-95.712891
542,Danny Fitt,16900000,9544277833,People & Blogs,Danny Fitt,2337,United States,US,Entertainment,488,134,129,275264000,68800,1100000,825800,13200000,700000,2016,Dec,31,88.2,328239523,14.7,270663028,37.09024,-95.712891
465,shakiraVEVO,18400000,25367126292,Music,shakiraVEVO,197,United States,US,Music,72,120,103,267126000,66800,1100000,801400,12800000,nan,2009,Sep,2,88.2,328239523,14.7,270663028,37.09024,-95.712891
44,BillionSurpriseToys  - Nursery Rhymes & Cartoons,52200000,9877365274,Education,BillionSurpriseToys  - Nursery Rhymes & Cart�,847,United States,US,Education,450,15,5,266747000,66700,1100000,800200,12800000,600000,2013,Oct,25,88.2,328239523,14.7,270663028,37.09024,-95.712891
423,etvteluguindia,19400000,23038014291,Entertainment,etvteluguindia,125974,India,IN,Entertainment,88,75,109,272917000,68200,1100000,818800,13100000,200000,2010,Mar,15,28.1,1366417754,5.36,471031528,20.593684,78.96288
416,Sony AATH,19600000,13930021471,Shows,Sony AATH,18661,United States,US,Entertainment,257,112,106,274212000,68600,1100000,822600,13200000,300000,2013,Nov,13,88.2,328239523,14.7,270663028,37.09024,-95.712891
397,7clouds,20100000,14816075927,Music,7clouds,2384,United States,US,Music,227,108,95,276751000,69200,1100000,830300,13300000,300000,2013,May,25,88.2,328239523,14.7,270663028,37.09024,-95.712891
238,The Lallantop,25200000,10409352249,News & Politics,The Lallantop,51129,India,IN,News,408,52,6,273920000,68500,1100000,821800,13100000,300000,2015,Mar,23,28.1,1366417754,5.36,471031528,20.593684,78.96288
206,Beast Reacts,26700000,4388047013,People & Blogs,Beast Reacts,241,United States,US,Entertainment,1632,61,54,276187000,69000,1100000,828600,13300000,1200000,2016,Apr,24,88.2,328239523,14.7,270663028,37.09024,-95.712891
125,Rajshri,33500000,14864294792,Music,Rajshri,3741,India,IN,Entertainment,222,34,36,272255000,68100,1100000,816800,13100000,500000,2006,Mar,24,28.1,1366417754,5.36,471031528,20.593684,78.96288
482,SonyMusicSouthVEVO,18000000,17921124985,Music,SonyMusicSouthVEVO,5692,United States,US,Music,148,123,104,257597000,64400,1000000,772800,12400000,100000,2014,Jul,14,88.2,328239523,14.7,270663028,37.09024,-95.712891
36,EminemMusic,56900000,27073872856,Music,EminemMusic,156,United States,US,Music,59,10,14,260193000,65000,1000000,780600,12500000,300000,2007,Feb,9,88.2,328239523,14.7,270663028,37.09024,-95.712891
35,Sony Music India,57200000,28837144516,Music,Sony Music India,3882,India,IN,Music,45,14,13,259310000,64800,1000000,777900,12400000,300000,2009,Sep,2,28.1,1366417754,5.36,471031528,20.593684,78.96288
26,Shemaroo Filmi Gaane,65600000,28648024439,Music,Shemaroo Filmi Gaane,8502,India,IN,Music,47,8,8,254961000,63700,1000000,764900,12200000,400000,2010,Jun,11,28.1,1366417754,5.36,471031528,20.593684,78.96288
687,Sony Music South,15000000,9978734160,Music,Sony Music South,2726,India,IN,Music,439,103,127,242185000,60500,968700,726600,11600000,300000,2014,Aug,6,28.1,1366417754,5.36,471031528,20.593684,78.96288
112,Ryan's World,35200000,55299840198,Entertainment,Ryan's World,2453,United States,US,Entertainment,15,35,32,238613000,59700,954500,715800,11500000,200000,2015,Mar,17,88.2,328239523,14.7,270663028,37.09024,-95.712891
347,Azhan5star,21300000,10047736580,Entertainment,Azhan5star,669,India,IN,Entertainment,436,67,92,236293000,59100,945200,708900,11300000,600000,2021,Feb,2,28.1,1366417754,5.36,471031528,20.593684,78.96288
963,Family Fitness,12500000,10384848759,Entertainment,Family Fitness,1699,India,IN,Entertainment,413,123,171,235715000,58900,942900,707100,11300000,400000,2017,Jan,18,28.1,1366417754,5.36,471031528,20.593684,78.96288
323,Zach Choi ASMR,21900000,5918314128,People & Blogs,Zach Choi ASMR,946,United States,US,People,1069,94,12,234222000,58600,936900,702700,11200000,400000,2014,Jul,5,88.2,328239523,14.7,270663028,37.09024,-95.712891
54,Voot Kids,45500000,21388725229,Entertainment,Voot Kids,4660,India,IN,Entertainment,105,18,13,233988000,58500,936000,702000,11200000,400000,2016,Nov,23,28.1,1366417754,5.36,471031528,20.593684,78.96288
48,Shemaroo,47400000,22519705183,Entertainment,Shemaroo,11451,India,IN,Entertainment,97,17,10,232744000,58200,931000,698200,11200000,500000,2007,Sep,1,28.1,1366417754,5.36,471031528,20.593684,78.96288
33,Wave Music,58000000,40602020243,Music,Wave Music,19487,India,IN,Music,21,12,12,232025000,58000,928100,696100,11100000,500000,2014,Oct,29,28.1,1366417754,5.36,471031528,20.593684,78.96288
928,Adam W,12800000,9502983550,Comedy,Adam W,681,United States,US,Comedy,492,171,39,228951000,57200,915800,686900,11000000,200000,2015,Oct,4,88.2,328239523,14.7,270663028,37.09024,-95.712891
183,Aditya Movies,28400000,10062770060,Movies,Aditya Movies,5436,India,IN,Film,432,45,11,227355000,56800,909400,682100,10900000,500000,2012,Feb,23,28.1,1366417754,5.36,471031528,20.593684,78.96288
392,CookieSwirlC,20100000,23353115850,Entertainment,CookieSwirlC,3774,United States,US,Games,86,108,28,221702000,55400,886800,665100,10600000,200000,2013,Nov,3,88.2,328239523,14.7,270663028,37.09024,-95.712891
821,Think Music India,13800000,11039343563,Music,Think Music India,4978,India,IN,Music,374,112,137,217106000,54300,868400,651300,10400000,200000,2009,Aug,15,28.1,1366417754,5.36,471031528,20.593684,78.96288
929,Right to Shiksha,12800000,7876740921,Education,Right to Shiksha,2044,India,IN,Education,670,120,45,213738000,53400,855000,641200,10300000,300000,2020,Apr,23,28.1,1366417754,5.36,471031528,20.593684,78.96288
765,RS 1313 SHORTS,14400000,8011977288,Entertainment,RS 1313 SHORTS,5628,India,IN,Entertainment,647,108,152,212639000,53200,850600,637900,10200000,200000,2020,Oct,24,28.1,1366417754,5.36,471031528,20.593684,78.96288
122,SSSniperWolf,33700000,23492684419,Gaming,SSSniperWolf,3366,United States,US,Entertainment,83,37,35,210955000,52700,843800,632900,10100000,200000,2013,Jan,20,88.2,328239523,14.7,270663028,37.09024,-95.712891
656,Sony LIV,15200000,7151683497,Entertainment,Sony LIV,11099,India,IN,Entertainment,794,102,144,210909000,52700,843600,632700,10100000,300000,2014,May,2,28.1,1366417754,5.36,471031528,20.593684,78.96288
91,Daddy Yankee,38000000,22731415608,Music,Daddy Yankee,505,United States,US,Music,92,27,33,205594000,51400,822400,616800,9900000,100000,2011,May,16,88.2,328239523,14.7,270663028,37.09024,-95.712891
561,Jordan Matter,16600000,5819508534,Entertainment,Jordan Matter,413,United States,US,Entertainment,1088,136,132,199033000,49800,796100,597100,9600000,300000,2006,Dec,21,88.2,328239523,14.7,270663028,37.09024,-95.712891
326,Stokes Twins,21800000,4469711607,People & Blogs,Stokes Twins,257,United States,US,People,1610,95,13,197953000,49500,791800,593900,9500000,600000,2008,Apr,11,88.2,328239523,14.7,270663028,37.09024,-95.712891
230,Post Malone,25500000,14401218086,Music,Post Malone,78,United States,US,Music,243,69,69,195499000,48900,782000,586500,9400000,100000,2011,Dec,15,88.2,328239523,14.7,270663028,37.09024,-95.712891
375,Ninja Kidz TV,20500000,11009148579,Entertainment,Ninja Kidz TV,296,United States,US,Entertainment,377,104,99,195203000,48800,780800,585600,9400000,100000,2017,Feb,9,88.2,328239523,14.7,270663028,37.09024,-95.712891
335,Village Cooking Channel,21600000,5863377051,Howto & Style,Village Cooking Channel,219,India,IN,Howto,1082,66,9,194604000,48700,778400,583800,9300000,400000,2018,Apr,25,28.1,1366417754,5.36,471031528,20.593684,78.96288
870,penguinz0,13300000,7773543609,Gaming,penguinz0,4613,United States,US,Entertainment,689,166,162,188948000,47200,755800,566800,9100000,200000,2007,May,7,88.2,328239523,14.7,270663028,37.09024,-95.712891
155,ImagineDragons,30700000,16793072362,Music,ImagineDragons,92,United States,US,Music,169,45,50,188837000,47200,755300,566500,9100000,100000,2009,Aug,3,88.2,328239523,14.7,270663028,37.09024,-95.712891
659,CNN,15200000,14198154095,News & Politics,CNN,160405,United States,US,News,247,148,16,187006000,46800,748000,561000,9000000,100000,2005,Oct,2,88.2,328239523,14.7,270663028,37.09024,-95.712891
615,Narendra Modi,15800000,3392918989,News & Politics,Narendra Modi,20679,India,IN,News,2406,96,15,185969000,46500,743900,557900,8900000,700000,2007,Oct,26,28.1,1366417754,5.36,471031528,20.593684,78.96288
724,ABC News,14700000,12961669452,News & Politics,ABC News,80830,United States,US,News,289,154,18,185709000,46400,742800,557100,8900000,100000,2006,Aug,7,88.2,328239523,14.7,270663028,37.09024,-95.712891
187,Shemaroo Movies,28200000,7600740993,Entertainment,Shemaroo Movies,3009,India,IN,Film,721,46,13,184966000,46200,739900,554900,8900000,500000,2011,Mar,1,28.1,1366417754,5.36,471031528,20.593684,78.96288
322,Ben Azelart,21900000,4454917643,Film & Animation,Ben Azelart,301,United States,US,Entertainment,1620,94,88,184946000,46200,739800,554800,8900000,500000,2014,Jun,5,88.2,328239523,14.7,270663028,37.09024,-95.712891
320,Vlad and Niki ESP,22000000,8594440895,nan,Vlad and Niki ESP,515,United States,US,Entertainment,591,93,87,183871000,46000,735500,551600,8800000,200000,2018,Oct,11,88.2,328239523,14.7,270663028,37.09024,-95.712891
71,Ishtar Music,41400000,17608931161,Trailers,Ishtar Music,4510,India,IN,Music,155,20,28,180942000,45200,723800,542800,8700000,400000,2005,Sep,22,28.1,1366417754,5.36,471031528,20.593684,78.96288
475,Blippi - Educational Videos for Kids,18100000,14857290259,Education,Blippi - Educational Videos for Kids,707,United States,US,Education,224,123,26,180412000,45100,721600,541200,8700000,300000,2014,Jan,27,88.2,328239523,14.7,270663028,37.09024,-95.712891
965,Flowers Comedy,12500000,11691081301,Entertainment,Flowers Comedy,11907,India,IN,Entertainment,337,122,170,180021000,45000,720100,540100,8600000,100000,2015,Aug,19,28.1,1366417754,5.36,471031528,20.593684,78.96288
119,Jingle Toons,34000000,11351015824,Film & Animation,Jingle Toons,240,India,IN,Film,360,32,8,179903000,45000,719600,539700,8600000,600000,2013,Jan,24,28.1,1366417754,5.36,471031528,20.593684,78.96288
845,Sanjoy Das Official,13500000,3912334359,Entertainment,Sanjoy Das Official,1793,India,IN,Games,1954,114,60,179232000,44800,716900,537700,8600000,400000,2015,Apr,29,28.1,1366417754,5.36,471031528,20.593684,78.96288
269,Diana and Roma EN,23900000,7213499085,People & Blogs,Diana and Roma EN,511,United States,US,Entertainment,787,79,73,177769000,44400,711100,533300,8500000,300000,2011,Dec,22,88.2,328239523,14.7,270663028,37.09024,-95.712891
989,Caylus,12400000,4779139505,Education,Caylus,1340,United States,US,Games,1442,175,68,177600000,44400,710400,532800,8500000,400000,2016,Apr,6,88.2,328239523,14.7,270663028,37.09024,-95.712891
98,Bruno Mars,36700000,19378155425,Music,Bruno Mars,99,United States,US,Music,134,30,34,175243000,43800,701000,525700,8400000,200000,2006,Sep,19,88.2,328239523,14.7,270663028,37.09024,-95.712891
314,SSundee,22500000,13835173331,Gaming,SSundee,3315,United States,US,Games,261,90,21,175094000,43800,700400,525300,8400000,200000,2009,Nov,28,88.2,328239523,14.7,270663028,37.09024,-95.712891
938,YoungBoy Never Broke Again,12700000,13174393401,Entertainment,YoungBoy Never Broke Again,142,United States,US,Music,279,173,147,169968000,42500,679900,509900,8200000,100000,2015,Jan,4,88.2,328239523,14.7,270663028,37.09024,-95.712891
252,Like Nastya AE,24400000,12385924995,Entertainment,Like Nastya AE,658,United States,US,Entertainment,312,75,68,169865000,42500,679500,509600,8200000,400000,2018,Dec,19,88.2,328239523,14.7,270663028,37.09024,-95.712891
632,Infobells Bangla,15500000,7776706184,Education,Infobells Bangla,359,India,IN,Education,687,98,32,167888000,42000,671600,503700,8100000,300000,2016,Jun,13,28.1,1366417754,5.36,471031528,20.593684,78.96288
612,Unspeakable,15900000,9052367553,Gaming,Unspeakable,796,United States,US,People,530,142,40,164895000,41200,659600,494700,7900000,200000,2016,May,1,88.2,328239523,14.7,270663028,37.09024,-95.712891
224,David Guetta,25700000,17793809548,Music,David Guetta,749,United States,US,Music,153,67,67,164215000,41100,656900,492600,7900000,100000,2009,Dec,11,88.2,328239523,14.7,270663028,37.09024,-95.712891
868,Kids Line�������,13300000,9088562002,People & Blogs,Kids Line�������,2742,United States,US,Education,524,166,41,161889000,40500,647600,485700,7800000,100000,2011,Nov,26,88.2,328239523,14.7,270663028,37.09024,-95.712891
342,Sidhu Moose Wala,21400000,6264261757,Music,Sidhu Moose Wala,114,India,IN,Music,987,67,89,160690000,40200,642800,482100,7700000,500000,2017,Oct,30,28.1,1366417754,5.36,471031528,20.593684,78.96288
43,Ariana Grande,52700000,24004842608,Music,Ariana Grande,147,United States,US,Music,78,14,20,160216000,40100,640900,480600,7700000,100000,2007,Jan,22,88.2,328239523,14.7,270663028,37.09024,-95.712891
343,The Royalty Family,21300000,6269945014,People & Blogs,The Royalty Family,733,United States,US,People,982,98,15,160227000,40100,640900,480700,7700000,200000,2017,Apr,13,88.2,328239523,14.7,270663028,37.09024,-95.712891
67,Speed Records,42500000,26820902622,Music,Speed Records,10938,India,IN,Music,62,19,26,159757000,39900,639000,479300,7700000,100000,2012,Nov,22,28.1,1366417754,5.36,471031528,20.593684,78.96288
188,Michael Jackson,28200000,14412474625,Music,Michael Jackson,15,United States,US,Music,242,54,59,158591000,39600,634400,475800,7600000,200000,2005,Jun,22,88.2,328239523,14.7,270663028,37.09024,-95.712891
304,Vania Mania Kids,22700000,10115316784,People & Blogs,Vania Mania Kids,985,United States,US,Education,438,87,18,155215000,38800,620900,465600,7500000,300000,2015,Sep,9,88.2,328239523,14.7,270663028,37.09024,-95.712891
558,SriBalajiMovies,16600000,9439857193,Entertainment,SriBalajiMovies,20102,India,IN,Entertainment,497,91,132,154049000,38500,616200,462100,7400000,200000,2011,Sep,29,28.1,1366417754,5.36,471031528,20.593684,78.96288
146,DONA ��,31700000,21031745531,Entertainment,DONA ��,166,United States,US,Entertainment,110,41,42,153280000,38300,613100,459800,7400000,200000,2018,Apr,5,88.2,328239523,14.7,270663028,37.09024,-95.712891
99,Maroon 5,36600000,22553923546,Music,Maroon 5,171,United States,US,Music,96,31,35,152825000,38200,611300,458500,7300000,nan,2006,Mar,9,88.2,328239523,14.7,270663028,37.09024,-95.712891
730,PrestonPlayz,14600000,5766647017,Gaming,Preston,4009,United States,US,Entertainment,621,78,72,151697000,37900,606800,455100,7300000,200000,2012,Jul,4,88.2,328239523,14.7,270663028,37.09024,-95.712891
266,Preston,24000000,8279004442,Gaming,Preston,4009,United States,US,Entertainment,621,78,72,151697000,37900,606800,455100,7300000,200000,2012,Jul,4,88.2,328239523,14.7,270663028,37.09024,-95.712891
579,Bollywood Classics,16300000,7141825267,Entertainment,Bollywood Classics,1444,India,IN,Music,804,93,116,151477000,37900,605900,454400,7300000,300000,2011,Oct,13,28.1,1366417754,5.36,471031528,20.593684,78.96288
768,ZEE5,14400000,18515587421,Entertainment,ZEE5,101401,India,IN,Entertainment,142,108,152,149799000,37400,599200,449400,7200000,100000,2018,Feb,13,28.1,1366417754,5.36,471031528,20.593684,78.96288
743,Eli Kids - Cartoons & Songs,14500000,4821183481,nan,Eli Kids - Cartoons & Songs,605,United States,US,Music,1423,156,132,149241000,37300,597000,447700,7200000,400000,2018,Jan,16,88.2,328239523,14.7,270663028,37.09024,-95.712891
46,Billie Eilish,47900000,13626331061,Music,Billie Eilish,65,United States,US,Music,263,16,21,146862000,36700,587400,440600,7000000,200000,2013,Feb,6,88.2,328239523,14.7,270663028,37.09024,-95.712891
204,Brent Rivera,27000000,6570935979,Comedy,Brent Rivera,554,United States,US,Entertainment,909,60,53,144453000,36100,577800,433400,6900000,300000,2009,Aug,1,88.2,328239523,14.7,270663028,37.09024,-95.712891
288,Lady Gaga,23200000,15751661213,People & Blogs,Lady Gaga,172,United States,US,Music,198,83,79,143169000,35800,572700,429500,6900000,100000,2008,May,15,88.2,328239523,14.7,270663028,37.09024,-95.712891
619,DM - Desi Melodies,15700000,5914071870,Music,DM - Desi Melodies,79,India,IN,Music,1071,97,121,141842000,35500,567400,425500,6800000,300000,2017,Jul,8,28.1,1366417754,5.36,471031528,20.593684,78.96288
777,infobells - Kannada,14200000,6554000320,Education,infobells - Kannada,433,India,IN,Education,912,110,37,141688000,35400,566800,425100,6800000,300000,2014,Mar,13,28.1,1366417754,5.36,471031528,20.593684,78.96288
29,Dude Perfect,59500000,16241549158,Sports,Dude Perfect,389,United States,US,Sports,182,9,3,141200000,35300,564800,423600,6800000,100000,2009,Mar,17,88.2,328239523,14.7,270663028,37.09024,-95.712891
235,WB Kids,25200000,11081602368,People & Blogs,WB Kids,2025,United States,US,Film,375,70,16,140319000,35100,561300,421000,6700000,300000,2015,Mar,31,88.2,328239523,14.7,270663028,37.09024,-95.712891
468,IShowSpeed,18300000,1556003039,Gaming,IShowSpeed,1324,United States,US,Games,6734,120,33,140261000,35100,561000,420800,6700000,800000,2016,Mar,21,88.2,328239523,14.7,270663028,37.09024,-95.712891
247,EminemVEVO,24700000,20531704527,Music,EminemVEVO,104,United States,US,Music,115,73,74,139443000,34900,557800,418300,6700000,100000,2009,May,12,88.2,328239523,14.7,270663028,37.09024,-95.712891
318,Kinder Spielzeug Kanal (Kidibli),22200000,11136266461,Entertainment,Kinder Spielzeug Kanal (Kidibli),999,United States,US,Entertainment,370,92,86,139333000,34800,557300,418000,6700000,200000,2015,Sep,25,88.2,328239523,14.7,270663028,37.09024,-95.712891
735,Noman Official,14600000,5525773746,Comedy,Noman Official,560,India,IN,Film,1185,106,38,139116000,34800,556500,417300,6700000,500000,2019,Oct,28,28.1,1366417754,5.36,471031528,20.593684,78.96288
636,Kashvi Adlakha,15500000,12714141740,Entertainment,Kashvi Adlakha,1525,India,IN,Entertainment,300,99,141,139123000,34800,556500,417400,6700000,200000,2017,Apr,9,28.1,1366417754,5.36,471031528,20.593684,78.96288
129,CVS 3D Rhymes & Kids Songs,33400000,20269857567,Education,CVS 3D Rhymes & Kids Songs,338,India,IN,Education,120,35,9,136084000,34000,544300,408300,6500000,200000,2008,Aug,26,28.1,1366417754,5.36,471031528,20.593684,78.96288
789,Lana Del Rey,14100000,6884215292,Music,Lana Del Rey,43,United States,US,Music,856,160,135,135563000,33900,542300,406700,6500000,200000,2011,May,5,88.2,328239523,14.7,270663028,37.09024,-95.712891
245,America's Got Talent,24800000,3699352704,Entertainment,America's Got Talent,1894,United States,US,Entertainment,2122,72,65,134412000,33600,537600,403200,6500000,400000,2006,Jun,29,88.2,328239523,14.7,270663028,37.09024,-95.712891
59,Katy Perry,44200000,25458952022,Music,Katy Perry,128,United States,US,Music,70,19,24,134242000,33600,537000,402700,6400000,100000,2008,Jun,1,88.2,328239523,14.7,270663028,37.09024,-95.712891
800,ETV Jabardasth,14000000,13542939513,People & Blogs,ETV Jabardasth,9652,India,IN,Comedy,268,111,34,133584000,33400,534300,400800,6400000,100000,2015,Jul,14,28.1,1366417754,5.36,471031528,20.593684,78.96288
356,Vlad and Niki IDN,21000000,9789121606,nan,Vlad and Niki IDN,498,United States,US,Entertainment,464,100,95,133362000,33300,533400,400100,6400000,300000,2018,Nov,9,88.2,328239523,14.7,270663028,37.09024,-95.712891
568,UFC - Ultimate Fighting Championship,16400000,7135820721,Sports,UFC - Ultimate Fighting Championship,14662,United States,US,Sports,806,138,7,133208000,33300,532800,399600,6400000,100000,2006,Mar,4,88.2,328239523,14.7,270663028,37.09024,-95.712891
317,FGTeeV,22300000,24059336857,Gaming,FGTeeV,1724,United States,US,Games,77,91,22,132110000,33000,528400,396300,6300000,100000,2013,May,24,88.2,328239523,14.7,270663028,37.09024,-95.712891
564,BBC News Hindi,16500000,7043235131,News & Politics,BBC News Hindi,21243,India,IN,News,821,92,13,131202000,32800,524800,393600,6300000,300000,2009,Sep,22,28.1,1366417754,5.36,471031528,20.593684,78.96288
693,A2 Motivation by Arvind Arora,15000000,8932038210,Entertainment,A2 Motivation by Arvind Arora,3168,India,IN,Entertainment,544,104,146,130731000,32700,522900,392200,6300000,200000,2017,Apr,7,28.1,1366417754,5.36,471031528,20.593684,78.96288
294,Kids TV - Nursery Rhymes And Baby Songs,23100000,13151870846,Shows,Kids TV - Nursery Rhymes And Baby Songs,3781,United States,US,Music,282,85,81,128448000,32100,513800,385300,6200000,700000,2013,Aug,30,88.2,328239523,14.7,270663028,37.09024,-95.712891
467,Miley Cyrus,18300000,7760819588,Entertainment,Miley Cyrus,142,United States,US,Entertainment,696,121,117,127982000,32000,511900,383900,6100000,100000,2009,Sep,15,88.2,328239523,14.7,270663028,37.09024,-95.712891
131,BabyBus - Kids Songs and Cartoons,32800000,26355088167,Education,BabyBus - Kids Songs and Cartoons,2122,United States,US,Education,64,39,10,127498000,31900,510000,382500,6100000,200000,2016,Jul,15,88.2,328239523,14.7,270663028,37.09024,-95.712891
111,Markiplier,35200000,20297931219,Gaming,Markiplier,5490,United States,US,Games,119,34,8,127329000,31800,509300,382000,6100000,100000,2012,May,26,88.2,328239523,14.7,270663028,37.09024,-95.712891
286,Sesame Street,23300000,22471357411,Entertainment,Sesame Street,3657,United States,US,Entertainment,99,83,78,124187000,31000,496700,372600,6000000,100000,2006,Jan,16,88.2,328239523,14.7,270663028,37.09024,-95.712891
272,Enrique Iglesias,23800000,17688774915,Music,Enrique Iglesias,443,United States,US,Music,154,80,77,122914000,30700,491700,368700,5900000,100000,2007,Apr,12,88.2,328239523,14.7,270663028,37.09024,-95.712891
694,50 Cent,14900000,10069000444,Music,50 Cent,419,United States,US,Music,435,152,129,119812000,30000,479200,359400,5800000,100000,2007,Feb,8,88.2,328239523,14.7,270663028,37.09024,-95.712891
208,Netflix,26700000,7173668905,Entertainment,Netflix,6471,United States,US,Entertainment,797,62,55,118226000,29600,472900,354700,5700000,200000,2012,Jul,17,88.2,328239523,14.7,270663028,37.09024,-95.712891
124,Selena Gomez,33600000,13013567335,Film & Animation,Selena Gomez,188,United States,US,Music,288,38,43,115792000,28900,463200,347400,5600000,200000,2008,Feb,8,88.2,328239523,14.7,270663028,37.09024,-95.712891
30,Movieclips,59500000,59316472754,Film & Animation,Movieclips,39113,United States,US,Film,11,9,3,114668000,28700,458700,344000,5500000,100000,2006,Apr,28,88.2,328239523,14.7,270663028,37.09024,-95.712891
678,Chetan Monga Vlogs,15000000,9924103188,People & Blogs,Chetan Monga Vlogs,899,India,IN,People,457,104,45,113572000,28400,454300,340700,5500000,400000,2014,Aug,17,28.1,1366417754,5.36,471031528,20.593684,78.96288
337,Tekashi 6ix9ine,21500000,5890180734,People & Blogs,Tekashi 6ix9ine,51,United States,US,Music,1081,96,88,113542000,28400,454200,340600,5400000,200000,2018,Apr,6,88.2,328239523,14.7,270663028,37.09024,-95.712891
388,Kiddiestv Hindi - Nursery Rhymes & Kids Songs,20200000,7274150246,Education,Kiddiestv Hindi - Nursery Rhymes & Kids Songs,226,India,IN,Education,780,71,23,113420000,28400,453700,340300,5400000,300000,2017,May,25,28.1,1366417754,5.36,471031528,20.593684,78.96288
563,FailArmy,16500000,3037260680,Comedy,FailArmy,438,United States,US,Entertainment,2766,137,133,112986000,28200,451900,339000,5400000,100000,2011,Jul,5,88.2,328239523,14.7,270663028,37.09024,-95.712891
145,Worldwide Records Bhojpuri,31700000,16476978876,Music,Worldwide Records Bhojpuri,6518,India,IN,Music,177,39,48,112648000,28200,450600,337900,5400000,200000,2012,Mar,15,28.1,1366417754,5.36,471031528,20.593684,78.96288
37,Marshmello,56400000,14696003229,Entertainment,Marshmello,436,United States,US,Music,233,11,15,112100000,28000,448400,336300,5400000,100000,2015,Apr,6,88.2,328239523,14.7,270663028,37.09024,-95.712891
319,Charlie Puth,22000000,9924807127,Music,Charlie Puth,157,United States,US,Music,449,94,86,111500000,27900,446000,334500,5400000,100000,2009,Sep,9,88.2,328239523,14.7,270663028,37.09024,-95.712891
956,First We Feast,12500000,2983799729,Howto & Style,First We Feast,1076,United States,US,Entertainment,2892,175,171,111252000,27800,445000,333800,5300000,200000,2014,Feb,28,88.2,328239523,14.7,270663028,37.09024,-95.712891
481,Sebasti���,18000000,10463166404,News & Politics,Sebasti���,237,United States,US,Music,406,124,105,110776000,27700,443100,332300,5300000,nan,2013,Mar,30,88.2,328239523,14.7,270663028,37.09024,-95.712891
514,Fun For Kids TV - Hindi Rhymes,17500000,7612385622,Entertainment,Fun For Kids TV - Hindi Rhymes,149,India,IN,Entertainment,723,86,124,109847000,27500,439400,329500,5300000,300000,2017,Sep,27,28.1,1366417754,5.36,471031528,20.593684,78.96288
847,Vijay Kumar Viner Vlogs,13500000,7958771872,Entertainment,Vijay Kumar Viner Vlogs,1357,India,IN,Entertainment,663,116,162,109813000,27500,439300,329400,5300000,300000,2019,Mar,22,28.1,1366417754,5.36,471031528,20.593684,78.96288
180,infobells - Tamil,28900000,17930570614,Education,infobells - Tamil,555,India,IN,Education,149,44,13,109828000,27500,439300,329500,5300000,200000,2014,Mar,13,28.1,1366417754,5.36,471031528,20.593684,78.96288
144,MR. INDIAN HACKER,31700000,5711208484,Science & Technology,MR. INDIAN HACKER,929,India,IN,Tech,1132,40,1,109125000,27300,436500,327400,5200000,500000,2012,Jun,21,28.1,1366417754,5.36,471031528,20.593684,78.96288
449,Triggered Insaan,18800000,3276891538,Comedy,Triggered Insaan,304,India,IN,People,2508,79,24,109026000,27300,436100,327100,5200000,700000,2014,Jul,17,28.1,1366417754,5.36,471031528,20.593684,78.96288
169,Little Angel: Nursery Rhymes & Kids Songs,30100000,22593193994,Education,Little Angel: Nursery Rhymes & Kids Songs,1349,United States,US,Education,95,49,12,107525000,26900,430100,322600,5200000,nan,2015,Dec,14,88.2,328239523,14.7,270663028,37.09024,-95.712891
657,T-Series Hamaar Bhojpuri,15200000,7564652648,Entertainment,T-Series Hamaar Bhojpuri,9862,India,IN,Music,728,101,125,105978000,26500,423900,317900,5100000,200000,2011,Nov,1,28.1,1366417754,5.36,471031528,20.593684,78.96288
398,5-Minute Crafts PLAY,20100000,6119294270,Howto & Style,5-Minute Crafts PLAY,5491,United States,US,Howto,1014,108,12,105784000,26400,423100,317400,5100000,100000,2017,Oct,30,88.2,328239523,14.7,270663028,37.09024,-95.712891
436,Wow Kidz Action,19000000,8281724393,Film & Animation,Wow Kidz Action,1525,India,IN,Entertainment,618,78,111,105706000,26400,422800,317100,5100000,200000,2017,Nov,8,28.1,1366417754,5.36,471031528,20.593684,78.96288
550,CoryxKenshin,16700000,7102965621,Gaming,CoryxKenshin,1693,United States,US,Games,814,135,39,105114000,26300,420500,315300,5000000,200000,2009,Apr,27,88.2,328239523,14.7,270663028,37.09024,-95.712891
149,JustinBieberVEVO,31600000,26583873105,Music,JustinBieberVEVO,204,United States,US,Music,63,42,49,105126000,26300,420500,315400,5000000,nan,2009,Sep,26,88.2,328239523,14.7,270663028,37.09024,-95.712891
226,Nicki Minaj,25700000,10242981063,Music,Nicki Minaj,42,United States,US,Music,425,67,67,103631000,25900,414500,310900,5000000,100000,2013,Aug,28,88.2,328239523,14.7,270663028,37.09024,-95.712891
344,Becky G,21300000,10644857969,Music,Becky G,78,United States,US,Music,396,98,90,103171000,25800,412700,309500,5000000,100000,2011,Sep,6,88.2,328239523,14.7,270663028,37.09024,-95.712891
156,Diana and Roma ESP,30700000,12355992466,nan,Diana and Roma ESP,578,United States,US,Entertainment,313,45,45,102998000,25700,412000,309000,4900000,200000,2016,Nov,27,88.2,328239523,14.7,270663028,37.09024,-95.712891
492,MGC Playhouse,17900000,16174530046,Shows,MGC Playhouse,1426,United States,US,Education,187,125,27,102621000,25700,410500,307900,4900000,100000,2009,Feb,3,88.2,328239523,14.7,270663028,37.09024,-95.712891
452,Shemaroo Comedy,18600000,6047584292,Entertainment,Shemaroo Comedy,4487,India,IN,Comedy,1033,81,24,102431000,25600,409700,307300,4900000,200000,2007,Jan,31,28.1,1366417754,5.36,471031528,20.593684,78.96288
686,THE BROWN SIBLINGS,15000000,8658553456,Entertainment,THE BROWN SIBLINGS,965,India,IN,Entertainment,577,103,145,102357000,25600,409400,307100,4900000,200000,2016,Oct,9,28.1,1366417754,5.36,471031528,20.593684,78.96288
200,Crazy XYZ,27300000,7705492350,Entertainment,Crazy XYZ,1259,India,IN,Tech,707,48,2,102235000,25600,408900,306700,4900000,100000,2017,Sep,10,28.1,1366417754,5.36,471031528,20.593684,78.96288
116,Geet MP3,34300000,12746535822,Music,Geet MP3,679,India,IN,Music,299,31,41,101357000,25300,405400,304100,4900000,100000,2016,Oct,22,28.1,1366417754,5.36,471031528,20.593684,78.96288
211,Goldmines Bollywood,26400000,8595760553,Film & Animation,Goldmines Bollywood,3622,India,IN,Film,588,50,15,99677000,24900,398700,299000,4800000,400000,2015,Jul,22,28.1,1366417754,5.36,471031528,20.593684,78.96288
814,Airrack,13800000,2224911030,Entertainment,Airrack,173,United States,US,Entertainment,4285,161,157,99654000,24900,398600,299000,4800000,300000,2015,Jan,3,88.2,328239523,14.7,270663028,37.09024,-95.712891
790,MalumaVEVO,14100000,19013942981,Music,MalumaVEVO,182,United States,US,Music,138,160,135,98834000,24700,395300,296500,4700000,nan,2011,Jun,15,88.2,328239523,14.7,270663028,37.09024,-95.712891
73,Little Baby Bum - Nursery Rhymes & Kids Songs,40900000,39450824833,Education,Little Baby Bum - Nursery Rhymes & Kids Songs,2423,United States,US,Education,22,22,7,98775000,24700,395100,296300,4700000,100000,2011,Jun,22,88.2,328239523,14.7,270663028,37.09024,-95.712891
515,IGN,17500000,16107116549,Gaming,IGN,156215,United States,US,Games,189,129,37,98342000,24600,393400,295000,4700000,nan,2006,Sep,19,88.2,328239523,14.7,270663028,37.09024,-95.712891
653,The MriDul,15200000,4503880875,Comedy,The MriDul,106,India,IN,Comedy,1593,102,28,98329000,24600,393300,295000,4700000,200000,2015,Mar,14,28.1,1366417754,5.36,471031528,20.593684,78.96288
749,Maroon5VEVO,14500000,20042571499,Music,Maroon5VEVO,147,United States,US,Music,123,156,132,98185000,24500,392700,294600,4700000,nan,2009,May,12,88.2,328239523,14.7,270663028,37.09024,-95.712891
271,Troom Troom,23800000,10414479943,Howto & Style,Troom Troom,2425,United States,US,Howto,412,80,8,98052000,24500,392200,294200,4700000,100000,2015,Sep,12,88.2,328239523,14.7,270663028,37.09024,-95.712891
447,Farruko,18800000,9573641299,Music,Farruko,217,United States,US,Music,485,117,100,97758000,24400,391000,293300,4700000,100000,2009,Oct,30,88.2,328239523,14.7,270663028,37.09024,-95.712891
498,ArianaGrandeVevo,17700000,20115544708,Music,ArianaGrandeVevo,178,United States,US,Music,122,127,108,97422000,24400,389700,292300,4700000,nan,2010,Oct,21,88.2,328239523,14.7,270663028,37.09024,-95.712891
810,Atlantic Records,13900000,12513842343,Music,Atlantic Records,1660,United States,US,Music,307,161,137,97284000,24300,389100,291900,4700000,100000,2006,Dec,15,88.2,328239523,14.7,270663028,37.09024,-95.712891
310,Sia,22600000,13405849040,Music,Sia,171,United States,US,Music,273,88,84,95253000,23800,381000,285800,4600000,nan,2007,Nov,19,88.2,328239523,14.7,270663028,37.09024,-95.712891
981,Zee Kids,12400000,7683670251,Film & Animation,Zee Kids,1212,India,IN,Entertainment,709,124,172,95163000,23800,380700,285500,4600000,100000,2012,Jul,6,28.1,1366417754,5.36,471031528,20.593684,78.96288
254,Pen Movies,24300000,6608773195,Film & Animation,Pen Movies,1667,India,IN,Film,903,53,17,94853000,23700,379400,284600,4600000,300000,2014,Mar,25,28.1,1366417754,5.36,471031528,20.593684,78.96288
239,RihannaVEVO,25100000,19458807708,Music,RihannaVEVO,118,United States,US,Music,130,71,72,94246000,23600,377000,282700,4500000,nan,2009,May,12,88.2,328239523,14.7,270663028,37.09024,-95.712891
298,White Hill Music,23000000,10939966484,Entertainment,White Hill Music,5718,India,IN,Music,382,60,82,93183000,23300,372700,279500,4500000,100000,2014,Mar,23,28.1,1366417754,5.36,471031528,20.593684,78.96288
728,Jesser,14600000,3603556207,Gaming,Jesser,1244,United States,US,Entertainment,2223,155,150,92594000,23100,370400,277800,4400000,400000,2012,Jul,9,88.2,328239523,14.7,270663028,37.09024,-95.712891
850,Vlad y Niki Show,13400000,4622628957,nan,Vlad y Niki Show,477,United States,US,Entertainment,1537,166,162,92228000,23100,368900,276700,4400000,200000,2018,Nov,8,88.2,328239523,14.7,270663028,37.09024,-95.712891
917,Akon,12900000,6300933122,Music,Akon,39,United States,US,Music,976,171,145,91240000,22800,365000,273700,4400000,100000,2005,Nov,5,88.2,328239523,14.7,270663028,37.09024,-95.712891
195,Wiz Khalifa,27500000,13379395501,Music,Wiz Khalifa,682,United States,US,Music,275,57,63,90450000,22600,361800,271300,4300000,100000,2008,May,9,88.2,328239523,14.7,270663028,37.09024,-95.712891
541,Aayu and Pihu Show,16900000,9270331567,Comedy,Aayu and Pihu Show,441,India,IN,People,510,90,34,89782000,22400,359100,269300,4300000,nan,2017,May,8,28.1,1366417754,5.36,471031528,20.593684,78.96288
930,Beyonc��,12800000,14185611472,Music,Beyonc��,168,United States,US,Music,250,172,146,89566000,22400,358300,268700,4300000,nan,2009,Sep,2,88.2,328239523,14.7,270663028,37.09024,-95.712891
210,WORLDSTARHIPHOP,26500000,20358117330,Music,WORLDSTARHIPHOP,6873,United States,US,Music,117,63,65,89098000,22300,356400,267300,4300000,nan,2008,Nov,8,88.2,328239523,14.7,270663028,37.09024,-95.712891
559,Lahari Music - TSeries,16600000,11946217860,Music,Lahari Music - TSeries,8976,India,IN,Music,326,91,115,89012000,22300,356000,267000,4300000,100000,2011,Nov,21,28.1,1366417754,5.36,471031528,20.593684,78.96288
249,KatyPerryVEVO,24600000,23755792542,Music,KatyPerryVEVO,175,United States,US,Music,82,74,75,88940000,22200,355800,266800,4300000,100000,2009,Dec,13,88.2,328239523,14.7,270663028,37.09024,-95.712891
767,SelenaGomezVEVO,14400000,11423792969,Music,SelenaGomezVEVO,186,United States,US,Music,354,157,133,88657000,22200,354600,266000,4300000,nan,2009,Nov,24,88.2,328239523,14.7,270663028,37.09024,-95.712891
250,Mark Rober,24600000,3647987299,Science & Technology,Mark Rober,120,United States,US,Tech,2178,74,3,88625000,22200,354500,265900,4300000,200000,2011,Oct,20,88.2,328239523,14.7,270663028,37.09024,-95.712891
578,Pitbull,16300000,12475714382,Music,Pitbull,352,United States,US,Music,308,139,117,88004000,22000,352000,264000,4200000,nan,2006,Jul,5,88.2,328239523,14.7,270663028,37.09024,-95.712891
622,Zee Music Classic,15700000,5558051295,Music,Zee Music Classic,1640,India,IN,Music,1174,97,121,86450000,21600,345800,259300,4100000,100000,2014,May,20,28.1,1366417754,5.36,471031528,20.593684,78.96288
173,Ultra Records,29600000,17208027242,Music,Ultra Records,4903,United States,US,Music,165,50,56,81884000,20500,327500,245700,3900000,nan,2006,Oct,24,88.2,328239523,14.7,270663028,37.09024,-95.712891
308,The Chainsmokers,22600000,14231943358,Music,The Chainsmokers,180,United States,US,Music,246,88,84,81660000,20400,326600,245000,3900000,100000,2012,Sep,22,88.2,328239523,14.7,270663028,37.09024,-95.712891
355,Lyrical Lemonade,21000000,10631638628,Entertainment,Lyrical Lemonade,420,United States,US,Entertainment,398,100,95,80062000,20000,320200,240200,3800000,100000,2013,Mar,25,88.2,328239523,14.7,270663028,37.09024,-95.712891
722,Netflix Jr.,14700000,8882319696,Education,Netflix Jr.,1996,United States,US,Education,552,154,36,79402000,19900,317600,238200,3800000,100000,2012,Jan,28,88.2,328239523,14.7,270663028,37.09024,-95.712891
79,CarryMinati,39200000,3294013141,Comedy,CarryMinati,186,India,IN,Comedy,2487,21,2,78688000,19700,314800,236100,3800000,700000,2014,Oct,30,28.1,1366417754,5.36,471031528,20.593684,78.96288
820,Kids TV India Hindi Nursery Rhymes,13800000,6646953396,Shows,Kids TV India Hindi Nursery Rhymes,1505,India,IN,Education,898,112,38,78651000,19700,314600,236000,3800000,100000,2014,Nov,17,28.1,1366417754,5.36,471031528,20.593684,78.96288
648,Dave and Ava - Nursery Rhymes and Baby Songs,15300000,10714145606,Education,Dave and Ava - Nursery Rhymes and Baby Songs,851,United States,US,Education,390,148,33,77053000,19300,308200,231200,3700000,nan,2014,Dec,4,88.2,328239523,14.7,270663028,37.09024,-95.712891
920,EnriqueIglesiasVEVO,12900000,15446707595,Music,EnriqueIglesiasVEVO,137,United States,US,Music,210,171,145,75773000,18900,303100,227300,3600000,100000,2009,May,12,88.2,328239523,14.7,270663028,37.09024,-95.712891
719,StudyIQ IAS,14700000,4029253667,Education,StudyIQ IAS,43564,India,IN,Education,1879,106,36,74483000,18600,297900,223400,3600000,200000,2015,Jun,22,28.1,1366417754,5.36,471031528,20.593684,78.96288
369,NBA,20700000,12624879732,Sports,NBA,47926,United States,US,Sports,304,103,4,73025000,18300,292100,219100,3500000,nan,2005,Nov,21,88.2,328239523,14.7,270663028,37.09024,-95.712891
537,Pop Chartbusters,16900000,8684010451,Music,Pop Chartbusters,2235,India,IN,Music,574,90,113,72911000,18200,291600,218700,3500000,200000,2011,Aug,26,28.1,1366417754,5.36,471031528,20.593684,78.96288
761,Indore Physical Academy,14400000,4156427797,People & Blogs,Indore Physical Academy,1838,India,IN,People,1793,107,47,70409000,17600,281600,211200,3400000,200000,2014,Apr,19,28.1,1366417754,5.36,471031528,20.593684,78.96288
346,Infinite,21300000,5141834668,Entertainment,Infinite,1608,United States,US,Entertainment,1296,98,93,68350000,17100,273400,205100,3300000,200000,2014,Aug,21,88.2,328239523,14.7,270663028,37.09024,-95.712891
217,Smosh,26100000,10435474336,Comedy,Smosh,1619,United States,US,Comedy,410,65,13,68156000,17000,272600,204500,3300000,400000,2005,Nov,19,88.2,328239523,14.7,270663028,37.09024,-95.712891
262,Diana and Roma ARA,24100000,11041261296,nan,Diana and Roma ARA,590,United States,US,Entertainment,379,76,70,66884000,16700,267500,200700,3200000,200000,2019,Feb,1,88.2,328239523,14.7,270663028,37.09024,-95.712891
652,Pok���������,15200000,857725714,People & Blogs,Pok���������,194,India,IN,Film,13929,100,35,65380000,16300,261500,196100,3100000,1300000,2017,Oct,15,28.1,1366417754,5.36,471031528,20.593684,78.96288
313,Vlad and Niki Arabic,22500000,10613701948,nan,Vlad and Niki Arabic,526,United States,US,Entertainment,399,89,84,65066000,16300,260300,195200,3100000,100000,2018,Nov,9,88.2,328239523,14.7,270663028,37.09024,-95.712891
992,Free Fire India Official,12300000,1674409945,People & Blogs,Free Fire India Official,1500,India,IN,Games,6141,125,69,64735000,16200,258900,194200,3100000,300000,2018,Sep,14,28.1,1366417754,5.36,471031528,20.593684,78.96288
336,Eva Bravo Play,21600000,9346383505,Entertainment,Eva Bravo Play,228,United States,US,Entertainment,507,96,90,63919000,16000,255700,191800,3100000,nan,2019,May,7,88.2,328239523,14.7,270663028,37.09024,-95.712891
582,Jennifer Lopez,16200000,10227242833,Music,Jennifer Lopez,258,United States,US,Music,426,140,118,63441000,15900,253800,190300,3000000,nan,2005,Nov,18,88.2,328239523,14.7,270663028,37.09024,-95.712891
261,DJ Snake,24100000,8425505919,Music,DJ Snake,252,United States,US,Music,602,77,76,63293000,15800,253200,189900,3000000,nan,2008,Sep,24,88.2,328239523,14.7,270663028,37.09024,-95.712891
704,Fueled By Ramen,14800000,13356517783,Music,Fueled By Ramen,1210,United States,US,Entertainment,276,153,148,61205000,15300,244800,183600,2900000,nan,2006,Jun,9,88.2,328239523,14.7,270663028,37.09024,-95.712891
781,Zee Bangla,14200000,11428794827,Entertainment,Zee Bangla,132398,India,IN,Entertainment,352,109,153,59927000,15000,239700,179800,2900000,200000,2008,Feb,26,28.1,1366417754,5.36,471031528,20.593684,78.96288
557,NMF News,16600000,7435180827,News & Politics,NMF News,112261,India,IN,News,749,91,12,59201000,14800,236800,177600,2800000,100000,2013,Oct,22,28.1,1366417754,5.36,471031528,20.593684,78.96288
961,NDTV,12500000,4935793409,Entertainment,NDTV,151136,India,IN,News,1395,123,24,58527000,14600,234100,175600,2800000,100000,2006,May,8,28.1,1366417754,5.36,471031528,20.593684,78.96288
80,XXXTENTACION,39200000,10507474316,Music,XXXTENTACION,133,United States,US,Music,403,24,29,58362000,14600,233400,175100,2800000,100000,2015,Jun,23,88.2,328239523,14.7,270663028,37.09024,-95.712891
267,James Charles,23900000,4067878931,Entertainment,James Charles,505,United States,US,Entertainment,1860,79,73,58126000,14500,232500,174400,2800000,100000,2015,Dec,1,88.2,328239523,14.7,270663028,37.09024,-95.712891
655,SRK MUSIC,15200000,6391679636,Music,SRK MUSIC,5056,India,IN,Music,955,102,126,57809000,14500,231200,173400,2800000,200000,2012,Mar,16,28.1,1366417754,5.36,471031528,20.593684,78.96288
889,WiederDude,13100000,2733682792,nan,WiederDude,289,United States,US,Games,3275,169,65,56894000,14200,227600,170700,2700000,100000,2016,Jun,12,88.2,328239523,14.7,270663028,37.09024,-95.712891
838,Saturday Night Live,13600000,14717282742,Entertainment,Saturday Night Live,8335,United States,US,Comedy,232,164,37,56626000,14200,226500,169900,2700000,nan,2013,Jul,23,88.2,328239523,14.7,270663028,37.09024,-95.712891
697,melanie martinez,14900000,4395184343,Music,melanie martinez,127,United States,US,Music,1656,152,129,56358000,14100,225400,169100,2700000,100000,2007,Nov,3,88.2,328239523,14.7,270663028,37.09024,-95.712891
641,Mobile Legends: Bang Bang,15400000,1543608082,Gaming,Mobile Legends: Bang Bang,1647,United States,US,Games,6793,147,45,55369000,13800,221500,166100,2700000,100000,2016,Jul,14,88.2,328239523,14.7,270663028,37.09024,-95.712891
69,Like Nastya Show,42400000,19547696190,Entertainment,Like Nastya Show,618,United States,US,Entertainment,128,21,19,53202000,13300,212800,159600,2600000,nan,2017,Nov,14,88.2,328239523,14.7,270663028,37.09024,-95.712891
714,5-Minute Crafts Recycle,14800000,8866012877,People & Blogs,5-Minute Crafts Recycle,3867,United States,US,Howto,554,153,25,53181000,13300,212700,159500,2600000,nan,2019,Jun,7,88.2,328239523,14.7,270663028,37.09024,-95.712891
290,Wave Music Bhojpuri,23100000,12889240875,Music,Wave Music Bhojpuri,22578,India,IN,Music,293,59,81,52678000,13200,210700,158000,2500000,100000,2014,Aug,10,28.1,1366417754,5.36,471031528,20.593684,78.96288
525,Marques Brownlee,17200000,3606912471,Science & Technology,Marques Brownlee,1567,United States,US,Tech,2196,131,10,52325000,13100,209300,157000,2500000,100000,2008,Mar,21,88.2,328239523,14.7,270663028,37.09024,-95.712891
882,The Infographics Show,13200000,5263540904,Education,The Infographics Show,4279,United States,US,Education,1252,168,42,51820000,13000,207300,155500,2500000,100000,2011,Feb,26,88.2,328239523,14.7,270663028,37.09024,-95.712891
486,KatieAngel,17900000,3841205465,People & Blogs,KatieAngel,982,United States,US,Music,2014,125,106,51687000,12900,206700,155100,2500000,100000,2015,May,19,88.2,328239523,14.7,270663028,37.09024,-95.712891
709,Meghan Trainor,14800000,8649303688,People & Blogs,Meghan Trainor,233,United States,US,Music,580,153,130,51645000,12900,206600,154900,2500000,nan,2008,Jun,4,88.2,328239523,14.7,270663028,37.09024,-95.712891
618,Volga Video,15700000,9787697838,Film & Animation,Volga Video,16874,India,IN,Entertainment,463,97,139,51315000,12800,205300,153900,2500000,nan,2012,Mar,23,28.1,1366417754,5.36,471031528,20.593684,78.96288
931,FACT FIRE KING,12700000,1159290255,nan,FACT FIRE KING,782,India,IN,Games,9683,120,66,51291000,12800,205200,153900,2500000,500000,2020,Jul,29,28.1,1366417754,5.36,471031528,20.593684,78.96288
899,twenty one pilots,13100000,5264039679,Music,twenty one pilots,194,United States,US,Music,1255,169,143,50922000,12700,203700,152800,2400000,nan,2009,Sep,5,88.2,328239523,14.7,270663028,37.09024,-95.712891
988,Avril Lavigne,12400000,6202090191,Music,Avril Lavigne,205,United States,US,Music,999,176,150,50188000,12500,200800,150600,2400000,nan,2005,Oct,8,88.2,328239523,14.7,270663028,37.09024,-95.712891
95,Jkk Entertainment,37200000,16402066717,Comedy,Jkk Entertainment,220,India,IN,Comedy,178,24,3,49861000,12500,199400,149600,2400000,100000,2017,Mar,20,28.1,1366417754,5.36,471031528,20.593684,78.96288
536,LuisFonsiVEVO,17000000,14543594822,Music,LuisFonsiVEVO,97,United States,US,Music,241,133,112,49817000,12500,199300,149500,2400000,nan,2009,May,12,88.2,328239523,14.7,270663028,37.09024,-95.712891
660,NDTV India,15200000,6624168155,News & Politics,NDTV India,91704,India,IN,News,900,101,16,49662000,12400,198600,149000,2400000,100000,2008,Jan,19,28.1,1366417754,5.36,471031528,20.593684,78.96288
990,Migos ATL,12400000,6993406259,Music,Migos ATL,99,United States,US,Entertainment,833,175,171,49412000,12400,197600,148200,2400000,100000,2012,Jan,17,88.2,328239523,14.7,270663028,37.09024,-95.712891
312,Goldmines Cineplex,22500000,2431154438,Film & Animation,Goldmines Cineplex,3377,India,IN,Film,3793,64,23,48740000,12200,195000,146200,2300000,200000,2015,Sep,12,28.1,1366417754,5.36,471031528,20.593684,78.96288
745,Aadishakti Films,14500000,6290721701,Music,Aadishakti Films,4790,India,IN,Music,981,107,132,48447000,12100,193800,145300,2300000,200000,2016,Oct,28,28.1,1366417754,5.36,471031528,20.593684,78.96288
746,Telemundo,14500000,8582696157,Entertainment,Telemundo,19201,United States,US,Entertainment,592,156,151,48285000,12100,193100,144900,2300000,nan,2007,Jan,3,88.2,328239523,14.7,270663028,37.09024,-95.712891
935,Diana and Roma IND,12700000,5567832210,nan,Diana and Roma IND,534,United States,US,Entertainment,1173,173,169,46602000,11700,186400,139800,2200000,100000,2019,Nov,7,88.2,328239523,14.7,270663028,37.09024,-95.712891
520,Apple,17300000,1026425106,Science & Technology,Apple,180,United States,US,Tech,11274,130,9,46484000,11600,185900,139500,2200000,100000,2005,Jun,22,88.2,328239523,14.7,270663028,37.09024,-95.712891
161,Trap Nation,30400000,14037426379,Music,Trap Nation,2725,United States,US,Music,255,46,51,45822000,11500,183300,137500,2200000,nan,2012,Sep,23,88.2,328239523,14.7,270663028,37.09024,-95.712891
327,National Geographic,21800000,5614621131,Science & Technology,National Geographic,10162,United States,US,Entertainment,1158,95,89,45812000,11500,183200,137400,2200000,100000,2006,May,7,88.2,328239523,14.7,270663028,37.09024,-95.712891
85,TEDx Talks,38600000,7339333120,Nonprofits & Activism,TEDx Talks,200933,United States,US,Nonprofit,768,25,1,45638000,11400,182600,136900,2200000,100000,2009,Jun,23,88.2,328239523,14.7,270663028,37.09024,-95.712891
866,Vogue,13300000,4177184071,Entertainment,Vogue,3166,United States,US,People,1789,167,54,45095000,11300,180400,135300,2200000,100000,2008,Jun,29,88.2,328239523,14.7,270663028,37.09024,-95.712891
280,Maya and Mary,23600000,6766461070,Entertainment,Maya and Mary,552,United States,US,Entertainment,883,82,75,44542000,11100,178200,133600,2100000,400000,2013,Aug,30,88.2,328239523,14.7,270663028,37.09024,-95.712891
812,Veritasium,13900000,2165885634,Education,Veritasium,369,United States,US,Education,4466,161,38,44149000,11000,176600,132400,2100000,200000,2010,Jul,21,88.2,328239523,14.7,270663028,37.09024,-95.712891
939,Blossom,12700000,4733873025,Howto & Style,Blossom,812,United States,US,Howto,1472,173,36,43868000,11000,175500,131600,2100000,100000,2017,Jun,1,88.2,328239523,14.7,270663028,37.09024,-95.712891
861,Trakin Tech,13300000,2262690743,Science & Technology,Trakin Tech,3640,India,IN,Tech,4152,116,16,43669000,10900,174700,131000,2100000,100000,2011,Nov,2,28.1,1366417754,5.36,471031528,20.593684,78.96288
666,PowerfulJRE,15100000,3060202847,People & Blogs,PowerfulJRE,1037,United States,US,People,2796,149,43,43409000,10900,173600,130200,2100000,200000,2013,Jan,12,88.2,328239523,14.7,270663028,37.09024,-95.712891
453,Smile Family Spanish,18600000,7008250496,nan,Smile Family Spanish,457,United States,US,Entertainment,830,118,115,43396000,10800,173600,130200,2100000,200000,2019,Jun,19,88.2,328239523,14.7,270663028,37.09024,-95.712891
872,Kabita's Kitchen,13300000,2831275503,Howto & Style,Kabita's Kitchen,1489,India,IN,Howto,3123,117,32,43118000,10800,172500,129400,2100000,nan,2014,Oct,7,28.1,1366417754,5.36,471031528,20.593684,78.96288
680,League of Legends,15000000,7159750970,Gaming,League of Legends,1362,United States,US,Games,805,151,48,43133000,10800,172500,129400,2100000,nan,2009,Feb,9,88.2,328239523,14.7,270663028,37.09024,-95.712891
575,Camila Cabello,16300000,6613422635,Music,Camila Cabello,80,United States,US,Music,906,139,117,42704000,10700,170800,128100,2000000,100000,2015,Aug,11,88.2,328239523,14.7,270663028,37.09024,-95.712891
199,Nick Jr.,27300000,22440611155,Film & Animation,Nick Jr.,5438,United States,US,Entertainment,100,59,51,42546000,10600,170200,127600,2000000,200000,2012,Sep,27,88.2,328239523,14.7,270663028,37.09024,-95.712891
683,PlayStation,15000000,4741434420,Gaming,PlayStation,20292,United States,US,Games,1469,151,48,41789000,10400,167200,125400,2000000,100000,2005,Dec,16,88.2,328239523,14.7,270663028,37.09024,-95.712891
381,Emiway Bantai,20400000,3579555124,Music,Emiway Bantai,239,India,IN,Music,2236,70,94,41289000,10300,165200,123900,2000000,100000,2013,May,3,28.1,1366417754,5.36,471031528,20.593684,78.96288
907,JesseAndMike,13000000,9999238237,Entertainment,JesseAndMike,716,United States,US,Entertainment,440,170,166,41109000,10300,164400,123300,2000000,nan,2007,Apr,29,88.2,328239523,14.7,270663028,37.09024,-95.712891
764,Vlad and Niki PRT,14400000,6543282459,nan,Vlad and Niki PRT,516,United States,US,Entertainment,918,157,152,40089000,10000,160400,120300,1900000,nan,2018,Nov,3,88.2,328239523,14.7,270663028,37.09024,-95.712891
982,Pari's Lifestyle,12400000,7741764747,People & Blogs,Pari's Lifestyle,459,India,IN,People,702,124,63,38165000,9500,152700,114500,1800000,nan,2018,Nov,26,28.1,1366417754,5.36,471031528,20.593684,78.96288
823,Goldmines Premiere,13700000,1973638757,Entertainment,Goldmines Premiere,975,India,IN,Film,5047,113,41,37648000,9400,150600,112900,1800000,100000,2013,Oct,12,28.1,1366417754,5.36,471031528,20.593684,78.96288
733,Fifth Harmony,14600000,7952268926,Music,Fifth Harmony,67,United States,US,Music,659,155,131,37632000,9400,150500,112900,1800000,nan,2013,Feb,21,88.2,328239523,14.7,270663028,37.09024,-95.712891
425,Manoj  parihar,19300000,264228052,nan,Manoj  parihar,335,India,IN,Howto,48846,75,14,37167000,9300,148700,111500,1800000,300000,2021,Mar,2,28.1,1366417754,5.36,471031528,20.593684,78.96288
645,zayn,15400000,4909687948,Music,zayn,21,United States,US,Music,1401,147,124,36790000,9200,147200,110400,1800000,100000,2016,Jan,26,88.2,328239523,14.7,270663028,37.09024,-95.712891
720,Chad Wild Clay,14700000,6751985988,Comedy,Chad Wild Clay,698,United States,US,Entertainment,885,154,149,36338000,9100,145400,109000,1700000,100000,2006,Mar,26,88.2,328239523,14.7,270663028,37.09024,-95.712891
540,VICE,16900000,4609753237,Entertainment,VICE,3900,United States,US,Entertainment,1543,134,129,36357000,9100,145400,109100,1700000,100000,2005,Dec,16,88.2,328239523,14.7,270663028,37.09024,-95.712891
731,Martin Garrix,14600000,6017932195,Music,Martin Garrix,365,United States,US,Music,1044,155,131,35528000,8900,142100,106600,1700000,nan,2011,Jan,15,88.2,328239523,14.7,270663028,37.09024,-95.712891
947,NickiMinajAtVEVO,12600000,8831179714,Music,NickiMinajAtVEVO,99,United States,US,Music,557,174,148,35027000,8800,140100,105100,1700000,nan,2010,Apr,1,88.2,328239523,14.7,270663028,37.09024,-95.712891
891,Lokdhun Punjabi,13100000,4712624489,Music,Lokdhun Punjabi,1262,India,IN,Music,1484,119,143,34438000,8600,137800,103300,1700000,100000,2010,Dec,27,28.1,1366417754,5.36,471031528,20.593684,78.96288
807,T-Series Regional,13900000,5217553897,Entertainment,T-Series Regional,15075,India,IN,Music,1275,111,136,33484000,8400,133900,100500,1600000,100000,2011,Feb,14,28.1,1366417754,5.36,471031528,20.593684,78.96288
421,DLS News,19400000,2255542592,News & Politics,DLS News,4750,India,IN,News,4178,74,8,32111000,8000,128400,96300,1500000,100000,2017,Jul,5,28.1,1366417754,5.36,471031528,20.593684,78.96288
594,Vlad and Niki ARA,16100000,7399296005,nan,Vlad and Niki ARA,510,United States,US,Entertainment,759,141,137,32011000,8000,128000,96000,1500000,100000,2019,May,24,88.2,328239523,14.7,270663028,37.09024,-95.712891
157,Round2hell,30700000,3145161634,Comedy,Round2hell,67,India,IN,Entertainment,2687,41,45,31822000,8000,127300,95500,1500000,300000,2016,Oct,20,28.1,1366417754,5.36,471031528,20.593684,78.96288
985,bharatzkitchen HINDI,12400000,2315226648,Howto & Style,bharatzkitchen HINDI,729,India,IN,Howto,4042,124,38,30968000,7700,123900,92900,1500000,100000,2016,Aug,10,28.1,1366417754,5.36,471031528,20.593684,78.96288
431,TheOdd1sOut,19100000,4566120190,Comedy,TheOdd1sOut,139,United States,US,Comedy,1568,115,23,30986000,7700,123900,93000,1500000,nan,2014,Aug,30,88.2,328239523,14.7,270663028,37.09024,-95.712891
621,Team Films Bhojpuri,15700000,6626563508,Music,Team Films Bhojpuri,19703,India,IN,Music,902,97,121,30744000,7700,123000,92200,1500000,nan,2014,Jul,18,28.1,1366417754,5.36,471031528,20.593684,78.96288
834,DALLMYD,13600000,1948925559,Sports,DALLMYD,412,United States,US,Sports,5133,164,11,30677000,7700,122700,92000,1500000,100000,2011,Feb,1,88.2,328239523,14.7,270663028,37.09024,-95.712891
737,Like Nastya Stories,14500000,6944967581,Entertainment,Like Nastya Stories,479,United States,US,Entertainment,848,156,151,29941000,7500,119800,89800,1400000,nan,2019,Sep,9,88.2,328239523,14.7,270663028,37.09024,-95.712891
443,TED-Ed,18800000,3654621568,Education,TED-Ed,2072,United States,US,Education,2163,117,25,29874000,7500,119500,89600,1400000,100000,2011,Mar,1,88.2,328239523,14.7,270663028,37.09024,-95.712891
684,Kwebbelkop,15000000,6889304306,Gaming,Kwebbelkop,5198,United States,US,Film,857,151,37,29724000,7400,118900,89200,1400000,100000,2008,Apr,2,88.2,328239523,14.7,270663028,37.09024,-95.712891
841,Anaysa,13500000,3445794123,Howto & Style,Anaysa,591,India,IN,Howto,2364,115,30,29706000,7400,118800,89100,1400000,nan,2012,Mar,10,28.1,1366417754,5.36,471031528,20.593684,78.96288
916,Top Viral Talent,12900000,3643698504,Entertainment,Top Viral Talent,1598,United States,US,Entertainment,2177,171,167,29379000,7300,117500,88100,1400000,100000,2014,Jan,2,88.2,328239523,14.7,270663028,37.09024,-95.712891
489,Demi Lovato,17900000,6888074944,Music,Demi Lovato,314,United States,US,Music,858,125,106,29182000,7300,116700,87500,1400000,nan,2008,Jan,30,88.2,328239523,14.7,270663028,37.09024,-95.712891
574,Boyce Avenue,16300000,6578828147,Music,Boyce Avenue,490,United States,US,Music,913,139,117,28787000,7200,115100,86400,1400000,nan,2007,Sep,2,88.2,328239523,14.7,270663028,37.09024,-95.712891
429,Sonotek,19200000,7590582024,Entertainment,Sonotek,8285,India,IN,Music,724,77,98,28678000,7200,114700,86000,1400000,100000,2011,Jan,11,28.1,1366417754,5.36,471031528,20.593684,78.96288
357,Dr. Vivek Bindra: Motivational Speaker,20900000,1693149479,Education,Dr. Vivek Bindra: Motivational Speaker,896,India,IN,Education,6082,69,20,28588000,7100,114400,85800,1400000,100000,2013,Dec,6,28.1,1366417754,5.36,471031528,20.593684,78.96288
639,Harsh Beniwal,15400000,1781226000,Comedy,Harsh Beniwal,165,India,IN,Comedy,5724,100,27,27963000,7000,111900,83900,1300000,100000,2015,May,6,28.1,1366417754,5.36,471031528,20.593684,78.96288
827,MyMissAnand,13700000,4963275018,People & Blogs,MyMissAnand,340,India,IN,Entertainment,1387,113,159,27882000,7000,111500,83600,1300000,nan,2014,Jul,22,28.1,1366417754,5.36,471031528,20.593684,78.96288
637,Talking Tom & Friends,15500000,6396049701,Entertainment,Talking Tom & Friends,417,United States,US,Film,956,146,34,27375000,6800,109500,82100,1300000,nan,2010,Oct,14,88.2,328239523,14.7,270663028,37.09024,-95.712891
628,5-Minute Crafts FAMILY,15600000,6165757696,People & Blogs,5-Minute Crafts FAMILY,4245,United States,US,Howto,1005,145,21,27382000,6800,109500,82100,1300000,nan,2018,Dec,13,88.2,328239523,14.7,270663028,37.09024,-95.712891
147,Dream,31700000,2930015381,Gaming,Dream,116,United States,US,Games,2986,41,12,27022000,6800,108100,81100,1300000,200000,2014,Feb,8,88.2,328239523,14.7,270663028,37.09024,-95.712891
808,ADEL et SAMI,13900000,5465532801,Entertainment,ADEL et SAMI,503,United States,US,Entertainment,1200,161,157,26883000,6700,107500,80600,1300000,nan,2018,Mar,12,88.2,328239523,14.7,270663028,37.09024,-95.712891
762,Rosanna Pansino,14400000,4597228794,Howto & Style,Rosanna Pansino,1248,United States,US,Howto,1552,157,27,26683000,6700,106700,80000,1300000,nan,2010,Apr,8,88.2,328239523,14.7,270663028,37.09024,-95.712891
182,The Late Late Show with James Corden,28400000,9956764048,Entertainment,The Late Late Show with James Corden,5809,United States,US,Entertainment,445,53,49,26435000,6600,105700,79300,1300000,nan,2006,Nov,21,88.2,328239523,14.7,270663028,37.09024,-95.712891
172,ashish chanchlani vines,29800000,4457913639,Comedy,ashish chanchlani vines,151,India,IN,Comedy,1622,42,8,26171000,6500,104700,78500,1300000,100000,2009,Jul,6,28.1,1366417754,5.36,471031528,20.593684,78.96288
583,Kids Play,16200000,8091706232,Entertainment,Kids Play,593,United States,US,Entertainment,636,140,136,25912000,6500,103600,77700,1200000,nan,2018,May,14,88.2,328239523,14.7,270663028,37.09024,-95.712891
617,Rotten Tomatoes Trailers,15800000,13116313599,Film & Animation,Rotten Tomatoes Trailers,10441,United States,US,Film,285,143,32,25738000,6400,103000,77200,1200000,100000,2011,Apr,1,88.2,328239523,14.7,270663028,37.09024,-95.712891
783,Neha Kakkar,14100000,2131548711,Music,Neha Kakkar,149,India,IN,Music,4624,110,134,25605000,6400,102400,76800,1200000,100000,2012,Oct,22,28.1,1366417754,5.36,471031528,20.593684,78.96288
879,Sonotek Bhakti,13200000,3789736218,Entertainment,Sonotek Bhakti,8019,India,IN,Music,2063,118,142,25321000,6300,101300,76000,1200000,nan,2010,Dec,27,28.1,1366417754,5.36,471031528,20.593684,78.96288
393,Skrillex,20100000,6618524158,Music,Skrillex,241,United States,US,Music,905,108,95,25263000,6300,101100,75800,1200000,nan,2010,Apr,6,88.2,328239523,14.7,270663028,37.09024,-95.712891
127,KHANDESHI MOVIES,33500000,11405809704,Comedy,KHANDESHI MOVIES,217,India,IN,Comedy,357,35,4,24736000,6200,98900,74200,1200000,100000,2013,Nov,11,28.1,1366417754,5.36,471031528,20.593684,78.96288
351,Tasty,21100000,5783557209,Howto & Style,Tasty,4728,United States,US,Howto,1113,99,10,24691000,6200,98800,74100,1200000,nan,2016,Jan,22,88.2,328239523,14.7,270663028,37.09024,-95.712891
565,FunFun Toy Doll TV,16500000,7406207930,Entertainment,FunFun Toy Doll TV,735,United States,US,Entertainment,757,137,133,24378000,6100,97500,73100,1200000,nan,2016,May,31,88.2,328239523,14.7,270663028,37.09024,-95.712891
614,Dear Sir,15800000,1349288771,Education,Dear Sir,633,India,IN,Education,8066,95,31,24056000,6000,96200,72200,1200000,200000,2016,Dec,13,28.1,1366417754,5.36,471031528,20.593684,78.96288
995,Make Joke Of,12300000,2129773714,Comedy,Make Joke Of,62,India,IN,Comedy,4568,125,44,24000000,6000,96000,72000,1200000,100000,2017,Aug,1,28.1,1366417754,5.36,471031528,20.593684,78.96288
830,infobells,13700000,5178142148,Education,infobells,495,India,IN,Education,1289,113,39,23893000,6000,95600,71700,1100000,100000,2011,Oct,20,28.1,1366417754,5.36,471031528,20.593684,78.96288
401,REACT,20000000,13154314376,Entertainment,REACT,4339,United States,US,Entertainment,281,109,104,23206000,5800,92800,69600,1100000,nan,2007,Jun,4,88.2,328239523,14.7,270663028,37.09024,-95.712891
739,Lotus Music,14500000,1739129375,nan,Lotus Music,514,India,IN,Tech,5926,107,13,23034000,5800,92100,69100,1100000,100000,2021,Jun,1,28.1,1366417754,5.36,471031528,20.593684,78.96288
706,MattyBRaps,14800000,3587576784,Music,MattyBRaps,195,United States,US,Music,2226,153,130,22980000,5700,91900,68900,1100000,nan,2010,May,31,88.2,328239523,14.7,270663028,37.09024,-95.712891
419,Clash of Clans,19600000,3961318438,Gaming,Clash of Clans,674,United States,US,Games,1934,113,30,22292000,5600,89200,66900,1100000,nan,2013,Jan,31,88.2,328239523,14.7,270663028,37.09024,-95.712891
296,Technical Guruji,23000000,3378047383,Science & Technology,Technical Guruji,5041,India,IN,Tech,2420,60,5,22262000,5600,89000,66800,1100000,nan,2015,Oct,19,28.1,1366417754,5.36,471031528,20.593684,78.96288
826,NishaMadhulika,13700000,2939201386,Howto & Style,NishaMadhulika,2158,India,IN,Howto,2972,113,29,22235000,5600,88900,66700,1100000,100000,2009,Aug,2,28.1,1366417754,5.36,471031528,20.593684,78.96288
89,TheEllenShow,38200000,22756581750,Entertainment,TheEllenShow,15672,United States,US,Entertainment,93,26,26,21804000,5500,87200,65400,1000000,nan,2006,Nov,21,88.2,328239523,14.7,270663028,37.09024,-95.712891
102,YouTube,36300000,3010784935,News & Politics,YouTube,744,United States,US,Entertainment,2860,32,5,21103000,5300,84400,63300,1000000,300000,1970,Jan,1,88.2,328239523,14.7,270663028,37.09024,-95.712891
512,FactTechz,17500000,2238134438,Entertainment,FactTechz,709,India,IN,Entertainment,4243,86,124,21056000,5300,84200,63200,1000000,nan,2016,Jul,24,28.1,1366417754,5.36,471031528,20.593684,78.96288
853,Vibhu 96,13400000,20563378,nan,Vibhu 96,256,India,IN,Education,342460,114,40,20264000,5100,81100,60800,972700,300000,2022,Jun,5,28.1,1366417754,5.36,471031528,20.593684,78.96288
132,Eros Now Music,32700000,17853798780,Entertainment,Mzaalo,1521,India,IN,Entertainment,8055,730,838,20263000,5100,81100,60800,972600,40000,2012,Mar,14,28.1,1366417754,5.36,471031528,20.593684,78.96288
366,5-Minute Crafts DIY,20700000,5091618606,Howto & Style,5-Minute Crafts DIY,5062,United States,US,Howto,1334,103,11,20012000,5000,80000,60000,960600,nan,2018,Jan,18,88.2,328239523,14.7,270663028,37.09024,-95.712891
718,The Slow Mo Guys,14700000,2465473772,Entertainment,The Slow Mo Guys,317,United States,US,Education,3746,154,36,18978000,4700,75900,56900,911000,nan,2010,Aug,15,88.2,328239523,14.7,270663028,37.09024,-95.712891
488,Lele Pons,17900000,5244917119,Comedy,Lele Pons,185,United States,US,Entertainment,1264,125,121,18548000,4600,74200,55600,890300,nan,2015,Sep,19,88.2,328239523,14.7,270663028,37.09024,-95.712891
885,Technology Gyan,13200000,1138262456,Science & Technology,Technology Gyan,1022,India,IN,Tech,9955,118,17,18518000,4600,74100,55600,888900,100000,2015,Nov,17,28.1,1366417754,5.36,471031528,20.593684,78.96288
566,Sandra Cires Art,16400000,3955426159,Howto & Style,Sandra Cires Art,1091,United States,US,Entertainment,1938,138,134,18028000,4500,72100,54100,865300,nan,2011,Sep,27,88.2,328239523,14.7,270663028,37.09024,-95.712891
580,Technoblade,16300000,1656452554,Gaming,Technoblade,989,United States,US,Games,6274,138,40,17944000,4500,71800,53800,861300,200000,2013,Oct,28,88.2,328239523,14.7,270663028,37.09024,-95.712891
871,Just For Laughs Gags,13300000,7406628736,Comedy,Just For Laughs Gags,6916,United States,US,Comedy,764,167,38,17468000,4400,69900,52400,838500,100000,2007,Jan,14,88.2,328239523,14.7,270663028,37.09024,-95.712891
214,BB Ki Vines,26300000,4749833967,Entertainment,BB Ki Vines,190,India,IN,Entertainment,1462,51,57,17264000,4300,69100,51800,828600,nan,2015,Jun,20,28.1,1366417754,5.36,471031528,20.593684,78.96288
430,Jimmy Kimmel Live,19100000,13124645973,Entertainment,Jimmy Kimmel Live,6526,United States,US,Comedy,283,115,23,17243000,4300,69000,51700,827600,nan,2006,Sep,20,88.2,328239523,14.7,270663028,37.09024,-95.712891
857,H2ODelirious,13400000,4356686216,Gaming,H2ODelirious,3727,United States,US,Games,1683,166,62,16785000,4200,67100,50400,805700,nan,2007,May,24,88.2,328239523,14.7,270663028,37.09024,-95.712891
942,Heidi y Zidane,12700000,6001189018,nan,Heidi y Zidane,600,United States,US,People,1052,173,60,16117000,4000,64500,48400,773600,nan,2019,Dec,2,88.2,328239523,14.7,270663028,37.09024,-95.712891
661,It's Mamix,15100000,1777072487,People & Blogs,It's Mamix,210,United States,US,People,5778,150,44,15984000,4000,63900,48000,767200,nan,2017,Feb,1,88.2,328239523,14.7,270663028,37.09024,-95.712891
862,theRadBrad,13300000,6050102764,Gaming,theRadBrad,8195,United States,US,Games,1038,167,63,15694000,3900,62800,47100,753300,nan,2006,Nov,27,88.2,328239523,14.7,270663028,37.09024,-95.712891
950,People Vs Food,12500000,1136534702,Entertainment,People Vs Food,601,United States,US,Entertainment,9980,175,171,15340000,3800,61400,46000,736300,nan,2013,Jul,30,88.2,328239523,14.7,270663028,37.09024,-95.712891
835,Lindsey Stirling,13600000,3764608356,Music,Lindsey Stirling,199,United States,US,Music,2084,163,139,15277000,3800,61100,45800,733300,100000,2007,May,20,88.2,328239523,14.7,270663028,37.09024,-95.712891
396,Pencilmation,20100000,11317309935,Film & Animation,Pencilmation,1481,United States,US,Entertainment,366,109,104,14862000,3700,59400,44600,713400,100000,2007,Feb,1,88.2,328239523,14.7,270663028,37.09024,-95.712891
377,Jake Paul,20400000,7311322368,People & Blogs,Jake Paul,1006,United States,US,People,778,105,19,14646000,3700,58600,43900,703000,100000,2013,Sep,19,88.2,328239523,14.7,270663028,37.09024,-95.712891
855,ATHLEAN-X�,13400000,2319515787,Howto & Style,ATHLEAN-X�,1349,United States,US,Howto,4039,166,31,14498000,3600,58000,43500,695900,nan,2006,Dec,16,88.2,328239523,14.7,270663028,37.09024,-95.712891
461,PDK Films,18400000,4120324310,Entertainment,PDK Films,111,United States,US,Entertainment,1825,120,116,14430000,3600,57700,43300,692600,nan,2009,Jul,21,88.2,328239523,14.7,270663028,37.09024,-95.712891
603,wifistudy,16000000,3018032423,Education,wifistudy by Unacademy,52144,India,IN,Education,2855,94,30,14287000,3600,57100,42900,685800,nan,2014,Jul,26,28.1,1366417754,5.36,471031528,20.593684,78.96288
754,Gyan Gaming�,14400000,2224121890,Gaming,Gyan Gaming�,3086,India,IN,Games,4292,107,52,13891000,3500,55600,41700,666800,100000,2017,Sep,1,28.1,1366417754,5.36,471031528,20.593684,78.96288
292,TED,23100000,2551113422,People & Blogs,TED,4445,United States,US,Tech,3568,85,4,13246000,3300,53000,39700,635800,100000,2006,Dec,6,88.2,328239523,14.7,270663028,37.09024,-95.712891
969,CKM,12500000,4465772496,Comedy,CKM,117,India,IN,Comedy,1621,123,42,13142000,3300,52600,39400,630800,nan,2018,Feb,20,28.1,1366417754,5.36,471031528,20.593684,78.96288
782,DangMattSmith,14200000,3317805543,Entertainment,DangMattSmith,1724,United States,US,Entertainment,2485,159,154,12902000,3200,51600,38700,619300,nan,2011,Aug,18,88.2,328239523,14.7,270663028,37.09024,-95.712891
667,Mariale,15100000,2761547758,Howto & Style,Mariale,2618,United States,US,Entertainment,3241,150,145,11956000,3000,47800,35900,573900,nan,2010,Jan,6,88.2,328239523,14.7,270663028,37.09024,-95.712891
886,CookingShooking Hindi,13200000,1758603195,People & Blogs,CookingShooking Hindi,393,India,IN,Howto,5855,118,33,11490000,2900,46000,34500,551500,nan,2017,Apr,4,28.1,1366417754,5.36,471031528,20.593684,78.96288
967,Wave Music Bhakti,12500000,5146004207,Music,Wave Music Bhakti,19899,India,IN,Music,1299,123,149,11079000,2800,44300,33200,531800,nan,2011,Apr,19,28.1,1366417754,5.36,471031528,20.593684,78.96288
696,ERB,14900000,4033400167,Entertainment,ERB,86,United States,US,Entertainment,1886,152,147,11043000,2800,44200,33100,530100,nan,2006,Feb,8,88.2,328239523,14.7,270663028,37.09024,-95.712891
538,Guava Juice,16900000,9111000228,Gaming,Guava Juice,1910,United States,US,Entertainment,527,134,129,10889000,2700,43600,32700,522600,nan,2006,Jul,18,88.2,328239523,14.7,270663028,37.09024,-95.712891
268,Collins Key,23900000,6582932625,Entertainment,Collins Key,257,United States,US,Entertainment,911,79,73,10853000,2700,43400,32600,520900,nan,2011,Aug,9,88.2,328239523,14.7,270663028,37.09024,-95.712891
279,Logan Paul,23600000,5994002464,Entertainment,Logan Paul,719,United States,US,Entertainment,1057,82,75,10803000,2700,43200,32400,518600,nan,2015,Aug,29,88.2,328239523,14.7,270663028,37.09024,-95.712891
848,Conor Maynard,13500000,2750993392,Music,Conor Maynard,321,United States,US,Music,3257,165,140,10787000,2700,43100,32400,517800,nan,2006,May,19,88.2,328239523,14.7,270663028,37.09024,-95.712891
836,JOJO TV - Hindi Stories,13600000,5141201173,Education,JOJO TV - Hindi Stories,1097,India,IN,Film,1303,114,42,10764000,2700,43100,32300,516700,100000,2016,Dec,25,28.1,1366417754,5.36,471031528,20.593684,78.96288
608,DopeLyrics,15900000,9962188084,Music,DopeLyrics,2035,United States,US,Music,444,142,120,9915000,2500,39700,29700,475900,nan,2016,Jun,9,88.2,328239523,14.7,270663028,37.09024,-95.712891
741,Reaction Time,14500000,4260187928,Entertainment,Reaction Time,1717,United States,US,Entertainment,1747,156,151,9910000,2500,39600,29700,475700,nan,2015,Apr,25,88.2,328239523,14.7,270663028,37.09024,-95.712891
400,BuzzFeedVideo,20100000,17913237851,People & Blogs,BuzzFeedVideo,7737,United States,US,People,150,108,20,9112000,2300,36400,27300,437400,nan,2011,Aug,10,88.2,328239523,14.7,270663028,37.09024,-95.712891
485,David Dobrik,17900000,7176572299,People & Blogs,David Dobrik,536,United States,US,People,801,125,28,8650000,2200,34600,26000,415200,100000,2014,Dec,19,88.2,328239523,14.7,270663028,37.09024,-95.712891
759,Rclbeauty101,14400000,3900312631,Comedy,Rclbeauty101,463,United States,US,Entertainment,1986,157,152,8636000,2200,34500,25900,414500,nan,2010,Dec,14,88.2,328239523,14.7,270663028,37.09024,-95.712891
273,Ninja,23700000,2543809954,Gaming,Ninja,1732,United States,US,Games,3590,81,19,8368000,2100,33500,25100,401700,nan,2011,Nov,11,88.2,328239523,14.7,270663028,37.09024,-95.712891
534,Prajapati News,17000000,1001465469,Comedy,Prajapati News,1407,India,IN,Entertainment,11662,89,128,7626000,1900,30500,22900,366100,100000,2013,Mar,14,28.1,1366417754,5.36,471031528,20.593684,78.96288
705,CrashCourse,14800000,1833519700,Education,CrashCourse,1481,United States,US,Education,5533,153,35,7177000,1800,28700,21500,344500,nan,2006,May,20,88.2,328239523,14.7,270663028,37.09024,-95.712891
408,Crafty Panda,19800000,5759442450,People & Blogs,Crafty Panda,760,United States,US,Entertainment,1120,111,105,6137000,1500,24500,18400,294600,100000,2017,Dec,3,88.2,328239523,14.7,270663028,37.09024,-95.712891
945,CaseyNeistat,12600000,3152402405,People & Blogs,CaseyNeistat,1101,United States,US,People,2681,174,61,5952000,1500,23800,17900,285700,100000,2010,Feb,15,88.2,328239523,14.7,270663028,37.09024,-95.712891
649,LOKESH GAMER,15300000,1640078055,Gaming,LOKESH GAMER,1397,India,IN,Games,6356,101,46,5920000,1500,23700,17800,284200,nan,2017,Nov,16,28.1,1366417754,5.36,471031528,20.593684,78.96288
716,Maha Fun Tv,14700000,1321380490,Entertainment,Maha Fun Tv,85,United States,US,Entertainment,8317,154,149,4781000,1200,19100,14300,229500,nan,2017,Sep,5,88.2,328239523,14.7,270663028,37.09024,-95.712891
805,Darkar Company Studios,13900000,2244318380,Film & Animation,Darkar Company Studios,183,United States,US,Comedy,4234,161,35,4598000,1100,18400,13800,220700,nan,2009,Feb,15,88.2,328239523,14.7,270663028,37.09024,-95.712891
865,Kurt Hugo Schneider,13300000,3733856870,Entertainment,Kurt Hugo Schneider,698,United States,US,Entertainment,2110,167,163,4233000,1100,16900,12700,203200,nan,2007,Oct,16,88.2,328239523,14.7,270663028,37.09024,-95.712891
410,JennaMarbles,19700000,1803249241,Comedy,JennaMarbles,250,United States,US,Comedy,5665,112,21,3769000,942,15100,11300,180900,nan,2010,Feb,16,88.2,328239523,14.7,270663028,37.09024,-95.712891
760,Coke Studio,14400000,4035738731,Music,Rohail Hyatt,450,United States,US,Music,23796,962,836,3557000,889,14200,10700,170700,10000,2008,Jun,4,88.2,328239523,14.7,270663028,37.09024,-95.712891
428,shane,19200000,4329121104,People & Blogs,shane,570,United States,US,Comedy,1705,114,22,2730000,683,10900,8200,131100,nan,2005,Sep,22,88.2,328239523,14.7,270663028,37.09024,-95.712891
353,nigahiga,21000000,4380564906,Entertainment,nigahiga,403,United States,US,Entertainment,1671,100,95,2476000,619,9900,7400,118900,nan,2006,Jul,21,88.2,328239523,14.7,270663028,37.09024,-95.712891
609,jeffreestar,15900000,2609358468,Howto & Style,jeffreestar,433,United States,US,Howto,3474,142,20,2006000,502,8000,6000,96300,nan,2006,Feb,14,88.2,328239523,14.7,270663028,37.09024,-95.712891
863,Matt Steffanina,13300000,3299216601,Entertainment,Matt Steffanina,331,United States,US,Entertainment,14275,692,694,1929000,482,7700,5800,92600,nan,2007,Nov,28,88.2,328239523,14.7,270663028,37.09024,-95.712891
532,Liza Koshy,17100000,2173106162,Comedy,Liza Koshy,142,United States,US,Entertainment,4443,132,127,1761000,440,7000,5300,84500,nan,2013,Sep,2,88.2,328239523,14.7,270663028,37.09024,-95.712891
539,EeOneGuy,16900000,3827906874,Entertainment,EeOneGuy,366,United States,US,Entertainment,2039,134,129,1635000,409,6500,4900,78500,nan,2013,Mar,19,88.2,328239523,14.7,270663028,37.09024,-95.712891
642,Roman Atwood Vlogs,15400000,5469103954,People & Blogs,Roman Atwood Vlogs,1756,United States,US,People,1201,147,42,1583000,396,6300,4700,76000,nan,2013,Aug,12,88.2,328239523,14.7,270663028,37.09024,-95.712891
953,Health Time,12500000,1002219689,Howto & Style,Health Time,1810,India,IN,People,11667,123,62,1395000,349,5600,4200,66900,nan,2016,Sep,25,28.1,1366417754,5.36,471031528,20.593684,78.96288
849,Wengie,13500000,1900272833,Howto & Style,Wengie,462,United States,US,Howto,5297,165,30,1335000,334,5300,4000,64100,100000,2010,Sep,9,88.2,328239523,14.7,270663028,37.09024,-95.712891
402,Vevo,20000000,559765455,Music,Vevo,1527,United States,US,Music,22747,109,96,1331000,333,5300,4000,63900,nan,2006,Apr,14,88.2,328239523,14.7,270663028,37.09024,-95.712891
852,The World Adventures ������,13400000,2139769210,People & Blogs,The World Adventures ������,1028,India,IN,People,4540,116,53,1043000,261,4200,3100,50100,nan,2016,Sep,9,28.1,1366417754,5.36,471031528,20.593684,78.96288
521,Stubborn Facts,17300000,902225615,Film & Animation,Stubborn Facts,287,India,IN,Entertainment,13315,87,125,837850,209,3400,2500,40200,nan,2016,Sep,5,28.1,1366417754,5.36,471031528,20.593684,78.96288
937,Future,12700000,9927699419,Music,Future AMV's,119,United States,US,Film,270216,1944,1473,472367,118,1900,1400,22700,1000,2020,Nov,7,88.2,328239523,14.7,270663028,37.09024,-95.712891
738,les boys tv2,14500000,4577292740,Entertainment,les boys tv2,453,United States,US,Film,1565,156,39,449576,112,1800,1300,21600,nan,2017,Feb,7,88.2,328239523,14.7,270663028,37.09024,-95.712891
769,Super Polina,14300000,4776507159,People & Blogs,Super Polina,576,United States,US,Entertainment,1452,158,153,413774,103,1700,1200,19900,100000,2014,Jul,8,88.2,328239523,14.7,270663028,37.09024,-95.712891
589,XO TEAM,16200000,14784781923,People & Blogs,XO TEAM Family,189,United States,US,People,153622,1776,1495,37911,9,152,114,1800,1000,2020,Sep,12,88.2,328239523,14.7,270663028,37.09024,-95.712891
552,Travis Scott,16700000,7979736581,Music,Travis Scott,13,United States,US,Music,564542,1920,1751,37623,9,150,113,1800,nan,2010,Sep,1,88.2,328239523,14.7,270663028,37.09024,-95.712891
573,Matt Stonie,16300000,3527627264,Entertainment,MattStonie,54,United States,US,Entertainment,283499,1874,1836,29735,7,119,89,1400,nan,2010,Jun,19,88.2,328239523,14.7,270663028,37.09024,-95.712891
974,LOUD,12400000,2394143260,Gaming,WatchLOUD,690,United States,US,Entertainment,186431,1795,1759,27596,7,110,83,1300,nan,2006,Jan,4,88.2,328239523,14.7,270663028,37.09024,-95.712891
495,MSA previously My Story Animated,17800000,8588704539,Film & Animation,MSA Previously My Story Animated,26,United States,US,People,3976090,5208,4978,20708,5,83,62,994,2960,2021,Nov,9,88.2,328239523,14.7,270663028,37.09024,-95.712891
409,SOMOY TV,19800000,12293479945,News & Politics,TIME NEWS,9930,United States,US,News,1291541,2251,1555,16229,4,65,49,779,nan,2013,Nov,16,88.2,328239523,14.7,270663028,37.09024,-95.712891
88,One Direction,38200000,13598903820,Music,21 Savage,11,United States,US,Music,539848,2904,2594,6348,2,25,19,305,100,2016,Jun,26,88.2,328239523,14.7,270663028,37.09024,-95.712891
685,Republic Bharat,15000000,7536093065,News & Politics,Gyani Beast,206,India,IN,News,1145576,2573,1992,998,0.25,4,3,48,nan,2018,Aug,16,28.1,1366417754,5.36,471031528,20.593684,78.96288
887,Ryan Trahan,13100000,2182651464,Entertainment,Ryan Trahan,33,United States,US,People,4051001,7683,7670,248,0.06,0.99,0.74,12,1,2022,Jun,27,88.2,328239523,14.7,270663028,37.09024,-95.712891
362,Romeo Santos,20900000,17324976752,Music,RomeoSantos,6,United States,US,Music,2595710,5417,4067,99,0.02,0.4,0.3,5,nan,2006,Jul,31,88.2,328239523,14.7,270663028,37.09024,-95.712891
399,Marvel Entertainment,20100000,5634695322,Entertainment,MarvelEntertainment,1,United States,US,Film,4054962,6143,4024,63,0.02,0.25,0.19,3,30,2011,May,10,88.2,328239523,14.7,270663028,37.09024,-95.712891
415,AS Gaming,19600000,2851024430,Gaming,ASGaming,17,United States,US,Games,3857915,7711,7464,23,0.01,0.09,0.07,1,nan,2009,Mar,5,88.2,328239523,14.7,270663028,37.09024,-95.712891
19,Sports,75000000,0,nan,sports,3,United States,US,Entertainment,3898122,6266,5395,16,0,0.06,0.05,0.77,nan,2006,Jan,30,88.2,328239523,14.7,270663028,37.09024,-95.712891
2,YouTube Movies,170000000,0,Film & Animation,youtubemovies,1,United States,US,Games,4055159,7670,7423,12,0,0.05,0.04,0.58,nan,2006,Mar,5,88.2,328239523,14.7,270663028,37.09024,-95.712891
28,T-Series Bhakti Sagar,61000000,29533230328,Music,T- SERIES BHAKTI SAGAR,13,India,IN,Music,4053938,5803,5744,10,0,0.04,0.03,0.48,nan,2018,Aug,3,28.1,1366417754,5.36,471031528,20.593684,78.96288
801,Zee Telugu,14000000,12597067132,Entertainment,zeetelugu,3,India,IN,Music,4039216,4651,4603,7,0,0.03,0.02,0.34,nan,2007,Jan,31,28.1,1366417754,5.36,471031528,20.593684,78.96288
480,And TV,18000000,15412333005,Entertainment,ANDtv,45,United States,US,Entertainment,4012108,7627,6667,4,0,0.02,0.01,0.19,nan,2006,Aug,4,88.2,328239523,14.7,270663028,37.09024,-95.712891
905,Jomy Production,13000000,5057163256,Entertainment,SRK Edie soon,8,India,IN,nan,3686280,5227,nan,2,0,0.01,0.01,0.1,nan,2021,Mar,18,28.1,1366417754,5.36,471031528,20.593684,78.96288
860,The Q,13400000,4306212515,People & Blogs,Tom Duggan,96,United States,US,Sports,3846885,7615,4466,3,0,0.01,0.01,0.14,1,2006,Jan,17,88.2,328239523,14.7,270663028,37.09024,-95.712891
984,MoniLina,12400000,16086808918,Comedy,MoniLinaFamily,0,United States,US,People,4057944,2774,2499,nan,0,0,0,0,100,2016,May,10,88.2,328239523,14.7,270663028,37.09024,-95.712891
958,Bebefinn - Nursery Rhymes & Kids Songs,12500000,4163639093,nan,Bebefinn - Nursery Rhymes & Kids Songs,322,United States,US,Entertainment,1794,175,171,565459000,0,0,0,0,500000,2022,Mar,30,88.2,328239523,14.7,270663028,37.09024,-95.712891
951,Wolfoo Family,12500000,161254021,nan,Wolfoo Family,61,United States,US,Film,81750,175,46,757789000,0,0,0,0,nan,2019,Oct,21,88.2,328239523,14.7,270663028,37.09024,-95.712891
911,The LaBrant Fam,13000000,4637474071,Comedy,The LaBrant Fam,612,United States,US,People,1557,170,57,42412000,0,0,0,0,nan,2012,Aug,24,88.2,328239523,14.7,270663028,37.09024,-95.712891
854,Blockbuster Movies,13400000,2650061211,Entertainment,Blockbuster Movies,0,India,IN,nan,4057944,5589,nan,nan,0,0,0,0,nan,2017,Jul,4,28.1,1366417754,5.36,471031528,20.593684,78.96288
770,Rebecca Zamolo,14300000,6388439235,Comedy,RebeccaZamolo,1,United States,US,Entertainment,4054606,6342,5464,nan,0,0,0,0,nan,2011,Aug,4,88.2,328239523,14.7,270663028,37.09024,-95.712891
763,Harry Styles,14400000,5689224452,People & Blogs,harrystyles,0,United States,US,Games,4037956,7574,7340,nan,0,0,0,0,nan,nan,nan,nan,88.2,328239523,14.7,270663028,37.09024,-95.712891
721,CollegeHumor,14700000,7255848125,Comedy,CollegeHumor,4340,United States,US,Comedy,798,154,30,55583000,0,0,0,0,nan,2006,Oct,9,88.2,328239523,14.7,270663028,37.09024,-95.712891
681,TheRichest,15000000,2730879024,Education,Therichest,0,United States,US,Games,4057944,7692,7445,nan,0,0,0,0,nan,2006,May,25,88.2,328239523,14.7,270663028,37.09024,-95.712891
635,Mr DegrEE,15500000,12880388253,Science & Technology,MrDegree,0,United States,US,Entertainment,4057944,5048,4453,nan,0,0,0,0,10,2016,Mar,2,88.2,328239523,14.7,270663028,37.09024,-95.712891
420,RKD Studios,19500000,5234251168,Entertainment,RKD Studios,847,India,IN,Entertainment,1265,74,108,59841000,0,0,0,0,300000,2014,Mar,14,28.1,1366417754,5.36,471031528,20.593684,78.96288
412,Official Pink Panther,19700000,10955619815,Film & Animation,OfficialPinkPanther,1,United States,US,Games,4052414,7741,7494,nan,0,0,0,0,nan,2011,Oct,6,88.2,328239523,14.7,270663028,37.09024,-95.712891
405,Green Gold TV - Official Channel,20000000,9715291883,Film & Animation,Green Gold TV - Official Channel,1476,India,IN,Entertainment,473,72,104,70278000,0,0,0,0,100000,2011,Jul,1,28.1,1366417754,5.36,471031528,20.593684,78.96288
359,Brave Wilderness,20900000,4927879069,Pets & Animals,Brave Wilderness,982,United States,US,Animals,1396,100,2,2989000,0,0,0,0,100000,2014,Sep,8,88.2,328239523,14.7,270663028,37.09024,-95.712891
300,Alan Becker,22900000,5380073627,Film & Animation,Alan Becker,0,United States,US,Games,4057944,7700,7453,nan,0,0,0,0,1,2006,Mar,21,88.2,328239523,14.7,270663028,37.09024,-95.712891
299,Ultra Movie Parlour,22900000,5320485069,Movies,Ultra Movie Parlour,1670,India,IN,Film,1248,61,22,118846000,0,0,0,0,300000,2011,May,17,28.1,1366417754,5.36,471031528,20.593684,78.96288
287,Happy Lives,23200000,2634,Science & Technology,Happy Lives,1,United States,US,Entertainment,4053372,84,79,6589000000,0,0,0,0,100000,2016,Mar,15,88.2,328239523,14.7,270663028,37.09024,-95.712891
194,MrBeast 2,27500000,4552581106,People & Blogs,Leaux Pass,27,United States,US,Music,2161873,5889,4311,649,0,0,0,0,nan,2011,Jun,23,88.2,328239523,14.7,270663028,37.09024,-95.712891
176,Zhong,29200000,14727238483,Entertainment,Zhong,1513,United States,US,Entertainment,230,51,48,180519000,0,0,0,0,1000000,2015,Jan,19,88.2,328239523,14.7,270663028,37.09024,-95.712891
165,Talking Tom,30200000,15199330166,Comedy,TalkingTom,2,United States,US,Entertainment,4057345,7736,6776,nan,0,0,0,0,nan,2008,Jun,27,88.2,328239523,14.7,270663028,37.09024,-95.712891
153,The Tonight Show Starring Jimmy Fallon,31200000,17111726160,Comedy,The Tonight Show Starring Jimmy Fallon,8976,United States,US,Comedy,166,44,6,22511000,0,0,0,0,100000,2006,Jan,8,88.2,328239523,14.7,270663028,37.09024,-95.712891
100,Ultra Bollywood,36600000,15653786446,Trailers,Ultra Bollywood,9168,India,IN,Entertainment,205,26,31,131462000,0,0,0,0,200000,2009,Oct,21,28.1,1366417754,5.36,471031528,20.593684,78.96288
