2,YouTube Movies,170000000,0,Film & Animation,youtubemovies,1,United States,US,Games,4055159,7670,7423,12,0,0.05,0.04,0.58,nan,2006,Mar,5,88.2,328239523,14.7,270663028,37.09024,-95.712891
3,MrBeast,166000000,28368841870,Entertainment,MrBeast,741,United States,US,Entertainment,48,1,1,1348000000,337000,5400000,4000000,64700000,8000000,2012,Feb,20,88.2,328239523,14.7,270663028,37.09024,-95.712891
4,Cocomelon - Nursery Rhymes,162000000,1.64E+11,Education,Cocomelon - Nursery Rhymes,966,United States,US,Education,2,2,1,1975000000,493800,7900000,5900000,94800000,1000000,2006,Sep,1,88.2,328239523,14.7,270663028,37.09024,-95.712891
10,Vlad and Niki,98900000,77180169894,Entertainment,Vlad and Niki,574,United States,US,Entertainment,8,5,6,580574000,145100,2300000,1700000,27900000,600000,2018,Apr,23,88.2,328239523,14.7,270663028,37.09024,-95.712891
12,WWE,96000000,77428473662,Sports,WWE,70127,United States,US,Sports,7,6,1,714614000,178700,2900000,2100000,34300000,600000,2007,May,11,88.2,328239523,14.7,270663028,37.09024,-95.712891
19,Sports,75000000,0,nan,sports,3,United States,US,Entertainment,3898122,6266,5395,16,0,0.06,0.05,0.77,nan,2006,Jan,30,88.2,328239523,14.7,270663028,37.09024,-95.712891
23,Pinkfong Baby Shark - Kids' Songs & Stories,68200000,38843229963,Education,Pinkfong Baby Shark - Kids' Songs & Stories,2865,United States,US,Education,23,8,2,473387000,118300,1900000,1400000,22700000,600000,2011,Dec,14,88.2,328239523,14.7,270663028,37.09024,-95.712891
29,Dude Perfect,59500000,16241549158,Sports,Dude Perfect,389,United States,US,Sports,182,9,3,141200000,35300,564800,423600,6800000,100000,2009,Mar,17,88.2,328239523,14.7,270663028,37.09024,-95.712891
30,Movieclips,59500000,59316472754,Film & Animation,Movieclips,39113,United States,US,Film,11,9,3,114668000,28700,458700,344000,5500000,100000,2006,Apr,28,88.2,328239523,14.7,270663028,37.09024,-95.712891
36,EminemMusic,56900000,27073872856,Music,EminemMusic,156,United States,US,Music,59,10,14,260193000,65000,1000000,780600,12500000,300000,2007,Feb,9,88.2,328239523,14.7,270663028,37.09024,-95.712891
37,Marshmello,56400000,14696003229,Entertainment,Marshmello,436,United States,US,Music,233,11,15,112100000,28000,448400,336300,5400000,100000,2015,Apr,6,88.2,328239523,14.7,270663028,37.09024,-95.712891
42,Taylor Swift,52900000,29884657286,Music,Taylor Swift,216,United States,US,Music,40,13,19,528392000,132100,2100000,1600000,25400000,800000,2006,Sep,20,88.2,328239523,14.7,270663028,37.09024,-95.712891
43,Ariana Grande,52700000,24004842608,Music,Ariana Grande,147,United States,US,Music,78,14,20,160216000,40100,640900,480600,7700000,100000,2007,Jan,22,88.2,328239523,14.7,270663028,37.09024,-95.712891
44,BillionSurpriseToys  - Nursery Rhymes & Cartoons,52200000,9877365274,Education,BillionSurpriseToys  - Nursery Rhymes & Cart�,847,United States,US,Education,450,15,5,266747000,66700,1100000,800200,12800000,600000,2013,Oct,25,88.2,328239523,14.7,270663028,37.09024,-95.712891
46,Billie Eilish,47900000,13626331061,Music,Billie Eilish,65,United States,US,Music,263,16,21,146862000,36700,587400,440600,7000000,200000,2013,Feb,6,88.2,328239523,14.7,270663028,37.09024,-95.712891
50,SonyMusicIndiaVEVO,46600000,27286058807,Music,SonyMusicIndiaVEVO,3444,United States,US,Music,55,17,22,314505000,78600,1300000,943500,15100000,400000,2009,Sep,2,88.2,328239523,14.7,270663028,37.09024,-95.712891
59,Katy Perry,44200000,25458952022,Music,Katy Perry,128,United States,US,Music,70,19,24,134242000,33600,537000,402700,6400000,100000,2008,Jun,1,88.2,328239523,14.7,270663028,37.09024,-95.712891
68,Masha and The Bear,42400000,24519022988,Shows,Masha and The Bear,1218,United States,US,Film,74,20,5,670459000,167600,2700000,2000000,32200000,1000000,2014,Sep,17,88.2,328239523,14.7,270663028,37.09024,-95.712891
69,Like Nastya Show,42400000,19547696190,Entertainment,Like Nastya Show,618,United States,US,Entertainment,128,21,19,53202000,13300,212800,159600,2600000,nan,2017,Nov,14,88.2,328239523,14.7,270663028,37.09024,-95.712891
73,Little Baby Bum - Nursery Rhymes & Kids Songs,40900000,39450824833,Education,Little Baby Bum - Nursery Rhymes & Kids Songs,2423,United States,US,Education,22,22,7,98775000,24700,395100,296300,4700000,100000,2011,Jun,22,88.2,328239523,14.7,270663028,37.09024,-95.712891
80,XXXTENTACION,39200000,10507474316,Music,XXXTENTACION,133,United States,US,Music,403,24,29,58362000,14600,233400,175100,2800000,100000,2015,Jun,23,88.2,328239523,14.7,270663028,37.09024,-95.712891
85,TEDx Talks,38600000,7339333120,Nonprofits & Activism,TEDx Talks,200933,United States,US,Nonprofit,768,25,1,45638000,11400,182600,136900,2200000,100000,2009,Jun,23,88.2,328239523,14.7,270663028,37.09024,-95.712891
88,One Direction,38200000,13598903820,Music,21 Savage,11,United States,US,Music,539848,2904,2594,6348,2,25,19,305,100,2016,Jun,26,88.2,328239523,14.7,270663028,37.09024,-95.712891
89,TheEllenShow,38200000,22756581750,Entertainment,TheEllenShow,15672,United States,US,Entertainment,93,26,26,21804000,5500,87200,65400,1000000,nan,2006,Nov,21,88.2,328239523,14.7,270663028,37.09024,-95.712891
91,Daddy Yankee,38000000,22731415608,Music,Daddy Yankee,505,United States,US,Music,92,27,33,205594000,51400,822400,616800,9900000,100000,2011,May,16,88.2,328239523,14.7,270663028,37.09024,-95.712891
93,Like Nastya ESP,37600000,18208196857,Entertainment,Like Nastya ESP,743,United States,US,Entertainment,145,29,28,321026000,80300,1300000,963100,15400000,700000,2017,Apr,22,88.2,328239523,14.7,270663028,37.09024,-95.712891
98,Bruno Mars,36700000,19378155425,Music,Bruno Mars,99,United States,US,Music,134,30,34,175243000,43800,701000,525700,8400000,200000,2006,Sep,19,88.2,328239523,14.7,270663028,37.09024,-95.712891
99,Maroon 5,36600000,22553923546,Music,Maroon 5,171,United States,US,Music,96,31,35,152825000,38200,611300,458500,7300000,nan,2006,Mar,9,88.2,328239523,14.7,270663028,37.09024,-95.712891
102,YouTube,36300000,3010784935,News & Politics,YouTube,744,United States,US,Entertainment,2860,32,5,21103000,5300,84400,63300,1000000,300000,1970,Jan,1,88.2,328239523,14.7,270663028,37.09024,-95.712891
111,Markiplier,35200000,20297931219,Gaming,Markiplier,5490,United States,US,Games,119,34,8,127329000,31800,509300,382000,6100000,100000,2012,May,26,88.2,328239523,14.7,270663028,37.09024,-95.712891
112,Ryan's World,35200000,55299840198,Entertainment,Ryan's World,2453,United States,US,Entertainment,15,35,32,238613000,59700,954500,715800,11500000,200000,2015,Mar,17,88.2,328239523,14.7,270663028,37.09024,-95.712891
113,Genevieve's Playhouse - Learning Videos for Kids,34900000,25607397308,Education,Genevieve's Playhouse - Learning Videos for �,617,United States,US,Film,69,36,7,335307000,83800,1300000,1000000,16100000,300000,2016,Jan,6,88.2,328239523,14.7,270663028,37.09024,-95.712891
122,SSSniperWolf,33700000,23492684419,Gaming,SSSniperWolf,3366,United States,US,Entertainment,83,37,35,210955000,52700,843800,632900,10100000,200000,2013,Jan,20,88.2,328239523,14.7,270663028,37.09024,-95.712891
124,Selena Gomez,33600000,13013567335,Film & Animation,Selena Gomez,188,United States,US,Music,288,38,43,115792000,28900,463200,347400,5600000,200000,2008,Feb,8,88.2,328239523,14.7,270663028,37.09024,-95.712891
131,BabyBus - Kids Songs and Cartoons,32800000,26355088167,Education,BabyBus - Kids Songs and Cartoons,2122,United States,US,Education,64,39,10,127498000,31900,510000,382500,6100000,200000,2016,Jul,15,88.2,328239523,14.7,270663028,37.09024,-95.712891
134,DisneyMusicVEVO,32700000,28516250629,Music,DisneyMusicVEVO,2068,United States,US,Music,50,40,45,329861000,82500,1300000,989600,15800000,300000,2010,May,20,88.2,328239523,14.7,270663028,37.09024,-95.712891
146,DONA ��,31700000,21031745531,Entertainment,DONA ��,166,United States,US,Entertainment,110,41,42,153280000,38300,613100,459800,7400000,200000,2018,Apr,5,88.2,328239523,14.7,270663028,37.09024,-95.712891
147,Dream,31700000,2930015381,Gaming,Dream,116,United States,US,Games,2986,41,12,27022000,6800,108100,81100,1300000,200000,2014,Feb,8,88.2,328239523,14.7,270663028,37.09024,-95.712891
148,Lucas and Marcus,31600000,11615848291,Entertainment,Lucas and Marcus,1321,United States,US,Entertainment,339,42,43,312099000,78000,1200000,936300,15000000,400000,2011,Jan,19,88.2,328239523,14.7,270663028,37.09024,-95.712891
149,JustinBieberVEVO,31600000,26583873105,Music,JustinBieberVEVO,204,United States,US,Music,63,42,49,105126000,26300,420500,315400,5000000,nan,2009,Sep,26,88.2,328239523,14.7,270663028,37.09024,-95.712891
153,The Tonight Show Starring Jimmy Fallon,31200000,17111726160,Comedy,The Tonight Show Starring Jimmy Fallon,8976,United States,US,Comedy,166,44,6,22511000,0,0,0,0,100000,2006,Jan,8,88.2,328239523,14.7,270663028,37.09024,-95.712891
155,ImagineDragons,30700000,16793072362,Music,ImagineDragons,92,United States,US,Music,169,45,50,188837000,47200,755300,566500,9100000,100000,2009,Aug,3,88.2,328239523,14.7,270663028,37.09024,-95.712891
156,Diana and Roma ESP,30700000,12355992466,nan,Diana and Roma ESP,578,United States,US,Entertainment,313,45,45,102998000,25700,412000,309000,4900000,200000,2016,Nov,27,88.2,328239523,14.7,270663028,37.09024,-95.712891
161,Trap Nation,30400000,14037426379,Music,Trap Nation,2725,United States,US,Music,255,46,51,45822000,11500,183300,137500,2200000,nan,2012,Sep,23,88.2,328239523,14.7,270663028,37.09024,-95.712891
165,Talking Tom,30200000,15199330166,Comedy,TalkingTom,2,United States,US,Entertainment,4057345,7736,6776,nan,0,0,0,0,nan,2008,Jun,27,88.2,328239523,14.7,270663028,37.09024,-95.712891
169,Little Angel: Nursery Rhymes & Kids Songs,30100000,22593193994,Education,Little Angel: Nursery Rhymes & Kids Songs,1349,United States,US,Education,95,49,12,107525000,26900,430100,322600,5200000,nan,2015,Dec,14,88.2,328239523,14.7,270663028,37.09024,-95.712891
173,Ultra Records,29600000,17208027242,Music,Ultra Records,4903,United States,US,Music,165,50,56,81884000,20500,327500,245700,3900000,nan,2006,Oct,24,88.2,328239523,14.7,270663028,37.09024,-95.712891
176,Zhong,29200000,14727238483,Entertainment,Zhong,1513,United States,US,Entertainment,230,51,48,180519000,0,0,0,0,1000000,2015,Jan,19,88.2,328239523,14.7,270663028,37.09024,-95.712891
182,The Late Late Show with James Corden,28400000,9956764048,Entertainment,The Late Late Show with James Corden,5809,United States,US,Entertainment,445,53,49,26435000,6600,105700,79300,1300000,nan,2006,Nov,21,88.2,328239523,14.7,270663028,37.09024,-95.712891
188,Michael Jackson,28200000,14412474625,Music,Michael Jackson,15,United States,US,Music,242,54,59,158591000,39600,634400,475800,7600000,200000,2005,Jun,22,88.2,328239523,14.7,270663028,37.09024,-95.712891
194,MrBeast 2,27500000,4552581106,People & Blogs,Leaux Pass,27,United States,US,Music,2161873,5889,4311,649,0,0,0,0,nan,2011,Jun,23,88.2,328239523,14.7,270663028,37.09024,-95.712891
195,Wiz Khalifa,27500000,13379395501,Music,Wiz Khalifa,682,United States,US,Music,275,57,63,90450000,22600,361800,271300,4300000,100000,2008,May,9,88.2,328239523,14.7,270663028,37.09024,-95.712891
199,Nick Jr.,27300000,22440611155,Film & Animation,Nick Jr.,5438,United States,US,Entertainment,100,59,51,42546000,10600,170200,127600,2000000,200000,2012,Sep,27,88.2,328239523,14.7,270663028,37.09024,-95.712891
204,Brent Rivera,27000000,6570935979,Comedy,Brent Rivera,554,United States,US,Entertainment,909,60,53,144453000,36100,577800,433400,6900000,300000,2009,Aug,1,88.2,328239523,14.7,270663028,37.09024,-95.712891
206,Beast Reacts,26700000,4388047013,People & Blogs,Beast Reacts,241,United States,US,Entertainment,1632,61,54,276187000,69000,1100000,828600,13300000,1200000,2016,Apr,24,88.2,328239523,14.7,270663028,37.09024,-95.712891
208,Netflix,26700000,7173668905,Entertainment,Netflix,6471,United States,US,Entertainment,797,62,55,118226000,29600,472900,354700,5700000,200000,2012,Jul,17,88.2,328239523,14.7,270663028,37.09024,-95.712891
210,WORLDSTARHIPHOP,26500000,20358117330,Music,WORLDSTARHIPHOP,6873,United States,US,Music,117,63,65,89098000,22300,356400,267300,4300000,nan,2008,Nov,8,88.2,328239523,14.7,270663028,37.09024,-95.712891
212,Alan Chikin Chow,26400000,27006526665,Comedy,Alan Chikin Chow,865,United States,US,Comedy,61,63,12,1046000000,261500,4200000,3100000,50200000,1300000,2020,Feb,3,88.2,328239523,14.7,270663028,37.09024,-95.712891
215,D Billions,26200000,31977463002,nan,D Billions,775,United States,US,Entertainment,33,64,58,487076000,121800,1900000,1500000,23400000,200000,2019,Jul,27,88.2,328239523,14.7,270663028,37.09024,-95.712891
217,Smosh,26100000,10435474336,Comedy,Smosh,1619,United States,US,Comedy,410,65,13,68156000,17000,272600,204500,3300000,400000,2005,Nov,19,88.2,328239523,14.7,270663028,37.09024,-95.712891
224,David Guetta,25700000,17793809548,Music,David Guetta,749,United States,US,Music,153,67,67,164215000,41100,656900,492600,7900000,100000,2009,Dec,11,88.2,328239523,14.7,270663028,37.09024,-95.712891
226,Nicki Minaj,25700000,10242981063,Music,Nicki Minaj,42,United States,US,Music,425,67,67,103631000,25900,414500,310900,5000000,100000,2013,Aug,28,88.2,328239523,14.7,270663028,37.09024,-95.712891
228,TaylorSwiftVEVO,25600000,25592378292,Music,TaylorSwiftVEVO,287,United States,US,Music,67,68,68,318593000,79600,1300000,955800,15300000,100000,2009,May,12,88.2,328239523,14.7,270663028,37.09024,-95.712891
230,Post Malone,25500000,14401218086,Music,Post Malone,78,United States,US,Music,243,69,69,195499000,48900,782000,586500,9400000,100000,2011,Dec,15,88.2,328239523,14.7,270663028,37.09024,-95.712891
232,LankyBox,25400000,34300482066,Comedy,LankyBox,8775,United States,US,Games,29,69,18,815341000,203800,3300000,2400000,39100000,600000,2016,Jul,30,88.2,328239523,14.7,270663028,37.09024,-95.712891
235,WB Kids,25200000,11081602368,People & Blogs,WB Kids,2025,United States,US,Film,375,70,16,140319000,35100,561300,421000,6700000,300000,2015,Mar,31,88.2,328239523,14.7,270663028,37.09024,-95.712891
239,RihannaVEVO,25100000,19458807708,Music,RihannaVEVO,118,United States,US,Music,130,71,72,94246000,23600,377000,282700,4500000,nan,2009,May,12,88.2,328239523,14.7,270663028,37.09024,-95.712891
245,America's Got Talent,24800000,3699352704,Entertainment,America's Got Talent,1894,United States,US,Entertainment,2122,72,65,134412000,33600,537600,403200,6500000,400000,2006,Jun,29,88.2,328239523,14.7,270663028,37.09024,-95.712891
247,EminemVEVO,24700000,20531704527,Music,EminemVEVO,104,United States,US,Music,115,73,74,139443000,34900,557800,418300,6700000,100000,2009,May,12,88.2,328239523,14.7,270663028,37.09024,-95.712891
249,KatyPerryVEVO,24600000,23755792542,Music,KatyPerryVEVO,175,United States,US,Music,82,74,75,88940000,22200,355800,266800,4300000,100000,2009,Dec,13,88.2,328239523,14.7,270663028,37.09024,-95.712891
250,Mark Rober,24600000,3647987299,Science & Technology,Mark Rober,120,United States,US,Tech,2178,74,3,88625000,22200,354500,265900,4300000,200000,2011,Oct,20,88.2,328239523,14.7,270663028,37.09024,-95.712891
252,Like Nastya AE,24400000,12385924995,Entertainment,Like Nastya AE,658,United States,US,Entertainment,312,75,68,169865000,42500,679500,509600,8200000,400000,2018,Dec,19,88.2,328239523,14.7,270663028,37.09024,-95.712891
257,Super JoJo - Nursery Rhymes & Kids Songs,24100000,329774870,nan,Super JoJo - Nursery Rhymes & Kids Songs,36,United States,US,Education,40117,77,15,328503000,82100,1300000,985500,15800000,100000,2019,May,31,88.2,328239523,14.7,270663028,37.09024,-95.712891
261,DJ Snake,24100000,8425505919,Music,DJ Snake,252,United States,US,Music,602,77,76,63293000,15800,253200,189900,3000000,nan,2008,Sep,24,88.2,328239523,14.7,270663028,37.09024,-95.712891
262,Diana and Roma ARA,24100000,11041261296,nan,Diana and Roma ARA,590,United States,US,Entertainment,379,76,70,66884000,16700,267500,200700,3200000,200000,2019,Feb,1,88.2,328239523,14.7,270663028,37.09024,-95.712891
266,Preston,24000000,8279004442,Gaming,Preston,4009,United States,US,Entertainment,621,78,72,151697000,37900,606800,455100,7300000,200000,2012,Jul,4,88.2,328239523,14.7,270663028,37.09024,-95.712891
267,James Charles,23900000,4067878931,Entertainment,James Charles,505,United States,US,Entertainment,1860,79,73,58126000,14500,232500,174400,2800000,100000,2015,Dec,1,88.2,328239523,14.7,270663028,37.09024,-95.712891
268,Collins Key,23900000,6582932625,Entertainment,Collins Key,257,United States,US,Entertainment,911,79,73,10853000,2700,43400,32600,520900,nan,2011,Aug,9,88.2,328239523,14.7,270663028,37.09024,-95.712891
269,Diana and Roma EN,23900000,7213499085,People & Blogs,Diana and Roma EN,511,United States,US,Entertainment,787,79,73,177769000,44400,711100,533300,8500000,300000,2011,Dec,22,88.2,328239523,14.7,270663028,37.09024,-95.712891
271,Troom Troom,23800000,10414479943,Howto & Style,Troom Troom,2425,United States,US,Howto,412,80,8,98052000,24500,392200,294200,4700000,100000,2015,Sep,12,88.2,328239523,14.7,270663028,37.09024,-95.712891
272,Enrique Iglesias,23800000,17688774915,Music,Enrique Iglesias,443,United States,US,Music,154,80,77,122914000,30700,491700,368700,5900000,100000,2007,Apr,12,88.2,328239523,14.7,270663028,37.09024,-95.712891
273,Ninja,23700000,2543809954,Gaming,Ninja,1732,United States,US,Games,3590,81,19,8368000,2100,33500,25100,401700,nan,2011,Nov,11,88.2,328239523,14.7,270663028,37.09024,-95.712891
276,That Little Puff,23700000,20289689389,Pets & Animals,That Little Puff,769,United States,US,Animals,118,81,1,755054000,188800,3000000,2300000,36200000,1100000,2020,Aug,29,88.2,328239523,14.7,270663028,37.09024,-95.712891
279,Logan Paul,23600000,5994002464,Entertainment,Logan Paul,719,United States,US,Entertainment,1057,82,75,10803000,2700,43200,32400,518600,nan,2015,Aug,29,88.2,328239523,14.7,270663028,37.09024,-95.712891
280,Maya and Mary,23600000,6766461070,Entertainment,Maya and Mary,552,United States,US,Entertainment,883,82,75,44542000,11100,178200,133600,2100000,400000,2013,Aug,30,88.2,328239523,14.7,270663028,37.09024,-95.712891
286,Sesame Street,23300000,22471357411,Entertainment,Sesame Street,3657,United States,US,Entertainment,99,83,78,124187000,31000,496700,372600,6000000,100000,2006,Jan,16,88.2,328239523,14.7,270663028,37.09024,-95.712891
287,Happy Lives,23200000,2634,Science & Technology,Happy Lives,1,United States,US,Entertainment,4053372,84,79,6589000000,0,0,0,0,100000,2016,Mar,15,88.2,328239523,14.7,270663028,37.09024,-95.712891
288,Lady Gaga,23200000,15751661213,People & Blogs,Lady Gaga,172,United States,US,Music,198,83,79,143169000,35800,572700,429500,6900000,100000,2008,May,15,88.2,328239523,14.7,270663028,37.09024,-95.712891
292,TED,23100000,2551113422,People & Blogs,TED,4445,United States,US,Tech,3568,85,4,13246000,3300,53000,39700,635800,100000,2006,Dec,6,88.2,328239523,14.7,270663028,37.09024,-95.712891
294,Kids TV - Nursery Rhymes And Baby Songs,23100000,13151870846,Shows,Kids TV - Nursery Rhymes And Baby Songs,3781,United States,US,Music,282,85,81,128448000,32100,513800,385300,6200000,700000,2013,Aug,30,88.2,328239523,14.7,270663028,37.09024,-95.712891
300,Alan Becker,22900000,5380073627,Film & Animation,Alan Becker,0,United States,US,Games,4057944,7700,7453,nan,0,0,0,0,1,2006,Mar,21,88.2,328239523,14.7,270663028,37.09024,-95.712891
304,Vania Mania Kids,22700000,10115316784,People & Blogs,Vania Mania Kids,985,United States,US,Education,438,87,18,155215000,38800,620900,465600,7500000,300000,2015,Sep,9,88.2,328239523,14.7,270663028,37.09024,-95.712891
308,The Chainsmokers,22600000,14231943358,Music,The Chainsmokers,180,United States,US,Music,246,88,84,81660000,20400,326600,245000,3900000,100000,2012,Sep,22,88.2,328239523,14.7,270663028,37.09024,-95.712891
310,Sia,22600000,13405849040,Music,Sia,171,United States,US,Music,273,88,84,95253000,23800,381000,285800,4600000,nan,2007,Nov,19,88.2,328239523,14.7,270663028,37.09024,-95.712891
311,LeoNata Family,22600000,27084848152,People & Blogs,LeoNata Family,2321,United States,US,People,57,87,11,1174000000,293500,4700000,3500000,56300000,1300000,2021,Sep,28,88.2,328239523,14.7,270663028,37.09024,-95.712891
313,Vlad and Niki Arabic,22500000,10613701948,nan,Vlad and Niki Arabic,526,United States,US,Entertainment,399,89,84,65066000,16300,260300,195200,3100000,100000,2018,Nov,9,88.2,328239523,14.7,270663028,37.09024,-95.712891
314,SSundee,22500000,13835173331,Gaming,SSundee,3315,United States,US,Games,261,90,21,175094000,43800,700400,525300,8400000,200000,2009,Nov,28,88.2,328239523,14.7,270663028,37.09024,-95.712891
317,FGTeeV,22300000,24059336857,Gaming,FGTeeV,1724,United States,US,Games,77,91,22,132110000,33000,528400,396300,6300000,100000,2013,May,24,88.2,328239523,14.7,270663028,37.09024,-95.712891
318,Kinder Spielzeug Kanal (Kidibli),22200000,11136266461,Entertainment,Kinder Spielzeug Kanal (Kidibli),999,United States,US,Entertainment,370,92,86,139333000,34800,557300,418000,6700000,200000,2015,Sep,25,88.2,328239523,14.7,270663028,37.09024,-95.712891
319,Charlie Puth,22000000,9924807127,Music,Charlie Puth,157,United States,US,Music,449,94,86,111500000,27900,446000,334500,5400000,100000,2009,Sep,9,88.2,328239523,14.7,270663028,37.09024,-95.712891
320,Vlad and Niki ESP,22000000,8594440895,nan,Vlad and Niki ESP,515,United States,US,Entertainment,591,93,87,183871000,46000,735500,551600,8800000,200000,2018,Oct,11,88.2,328239523,14.7,270663028,37.09024,-95.712891
322,Ben Azelart,21900000,4454917643,Film & Animation,Ben Azelart,301,United States,US,Entertainment,1620,94,88,184946000,46200,739800,554800,8900000,500000,2014,Jun,5,88.2,328239523,14.7,270663028,37.09024,-95.712891
323,Zach Choi ASMR,21900000,5918314128,People & Blogs,Zach Choi ASMR,946,United States,US,People,1069,94,12,234222000,58600,936900,702700,11200000,400000,2014,Jul,5,88.2,328239523,14.7,270663028,37.09024,-95.712891
324,Topper Guild,21900000,15552070846,Comedy,Topper Guild,816,United States,US,Comedy,204,91,16,687028000,171800,2700000,2100000,33000000,1900000,2014,Jul,9,88.2,328239523,14.7,270663028,37.09024,-95.712891
326,Stokes Twins,21800000,4469711607,People & Blogs,Stokes Twins,257,United States,US,People,1610,95,13,197953000,49500,791800,593900,9500000,600000,2008,Apr,11,88.2,328239523,14.7,270663028,37.09024,-95.712891
327,National Geographic,21800000,5614621131,Science & Technology,National Geographic,10162,United States,US,Entertainment,1158,95,89,45812000,11500,183200,137400,2200000,100000,2006,May,7,88.2,328239523,14.7,270663028,37.09024,-95.712891
336,Eva Bravo Play,21600000,9346383505,Entertainment,Eva Bravo Play,228,United States,US,Entertainment,507,96,90,63919000,16000,255700,191800,3100000,nan,2019,May,7,88.2,328239523,14.7,270663028,37.09024,-95.712891
337,Tekashi 6ix9ine,21500000,5890180734,People & Blogs,Tekashi 6ix9ine,51,United States,US,Music,1081,96,88,113542000,28400,454200,340600,5400000,200000,2018,Apr,6,88.2,328239523,14.7,270663028,37.09024,-95.712891
343,The Royalty Family,21300000,6269945014,People & Blogs,The Royalty Family,733,United States,US,People,982,98,15,160227000,40100,640900,480700,7700000,200000,2017,Apr,13,88.2,328239523,14.7,270663028,37.09024,-95.712891
344,Becky G,21300000,10644857969,Music,Becky G,78,United States,US,Music,396,98,90,103171000,25800,412700,309500,5000000,100000,2011,Sep,6,88.2,328239523,14.7,270663028,37.09024,-95.712891
346,Infinite,21300000,5141834668,Entertainment,Infinite,1608,United States,US,Entertainment,1296,98,93,68350000,17100,273400,205100,3300000,200000,2014,Aug,21,88.2,328239523,14.7,270663028,37.09024,-95.712891
351,Tasty,21100000,5783557209,Howto & Style,Tasty,4728,United States,US,Howto,1113,99,10,24691000,6200,98800,74100,1200000,nan,2016,Jan,22,88.2,328239523,14.7,270663028,37.09024,-95.712891
353,nigahiga,21000000,4380564906,Entertainment,nigahiga,403,United States,US,Entertainment,1671,100,95,2476000,619,9900,7400,118900,nan,2006,Jul,21,88.2,328239523,14.7,270663028,37.09024,-95.712891
355,Lyrical Lemonade,21000000,10631638628,Entertainment,Lyrical Lemonade,420,United States,US,Entertainment,398,100,95,80062000,20000,320200,240200,3800000,100000,2013,Mar,25,88.2,328239523,14.7,270663028,37.09024,-95.712891
356,Vlad and Niki IDN,21000000,9789121606,nan,Vlad and Niki IDN,498,United States,US,Entertainment,464,100,95,133362000,33300,533400,400100,6400000,300000,2018,Nov,9,88.2,328239523,14.7,270663028,37.09024,-95.712891
359,Brave Wilderness,20900000,4927879069,Pets & Animals,Brave Wilderness,982,United States,US,Animals,1396,100,2,2989000,0,0,0,0,100000,2014,Sep,8,88.2,328239523,14.7,270663028,37.09024,-95.712891
360,LIV Crime,20900000,11058049885,People & Blogs,LIV Crime,9850,United States,US,People,372,100,17,383700000,95900,1500000,1200000,18400000,600000,2020,Aug,18,88.2,328239523,14.7,270663028,37.09024,-95.712891
362,Romeo Santos,20900000,17324976752,Music,RomeoSantos,6,United States,US,Music,2595710,5417,4067,99,0.02,0.4,0.3,5,nan,2006,Jul,31,88.2,328239523,14.7,270663028,37.09024,-95.712891
365,Yoeslan,20700000,17963202261,Entertainment,Yoeslan,619,United States,US,Entertainment,146,101,96,874796000,218700,3500000,2600000,42000000,1000000,2020,Sep,26,88.2,328239523,14.7,270663028,37.09024,-95.712891
366,5-Minute Crafts DIY,20700000,5091618606,Howto & Style,5-Minute Crafts DIY,5062,United States,US,Howto,1334,103,11,20012000,5000,80000,60000,960600,nan,2018,Jan,18,88.2,328239523,14.7,270663028,37.09024,-95.712891
369,NBA,20700000,12624879732,Sports,NBA,47926,United States,US,Sports,304,103,4,73025000,18300,292100,219100,3500000,nan,2005,Nov,21,88.2,328239523,14.7,270663028,37.09024,-95.712891
375,Ninja Kidz TV,20500000,11009148579,Entertainment,Ninja Kidz TV,296,United States,US,Entertainment,377,104,99,195203000,48800,780800,585600,9400000,100000,2017,Feb,9,88.2,328239523,14.7,270663028,37.09024,-95.712891
377,Jake Paul,20400000,7311322368,People & Blogs,Jake Paul,1006,United States,US,People,778,105,19,14646000,3700,58600,43900,703000,100000,2013,Sep,19,88.2,328239523,14.7,270663028,37.09024,-95.712891
390,Marta and Rustam,20200000,19694265358,Comedy,Marta and Rustam,761,United States,US,Comedy,126,106,20,452250000,113100,1800000,1400000,21700000,600000,2021,Jun,21,88.2,328239523,14.7,270663028,37.09024,-95.712891
392,CookieSwirlC,20100000,23353115850,Entertainment,CookieSwirlC,3774,United States,US,Games,86,108,28,221702000,55400,886800,665100,10600000,200000,2013,Nov,3,88.2,328239523,14.7,270663028,37.09024,-95.712891
393,Skrillex,20100000,6618524158,Music,Skrillex,241,United States,US,Music,905,108,95,25263000,6300,101100,75800,1200000,nan,2010,Apr,6,88.2,328239523,14.7,270663028,37.09024,-95.712891
396,Pencilmation,20100000,11317309935,Film & Animation,Pencilmation,1481,United States,US,Entertainment,366,109,104,14862000,3700,59400,44600,713400,100000,2007,Feb,1,88.2,328239523,14.7,270663028,37.09024,-95.712891
397,7clouds,20100000,14816075927,Music,7clouds,2384,United States,US,Music,227,108,95,276751000,69200,1100000,830300,13300000,300000,2013,May,25,88.2,328239523,14.7,270663028,37.09024,-95.712891
398,5-Minute Crafts PLAY,20100000,6119294270,Howto & Style,5-Minute Crafts PLAY,5491,United States,US,Howto,1014,108,12,105784000,26400,423100,317400,5100000,100000,2017,Oct,30,88.2,328239523,14.7,270663028,37.09024,-95.712891
399,Marvel Entertainment,20100000,5634695322,Entertainment,MarvelEntertainment,1,United States,US,Film,4054962,6143,4024,63,0.02,0.25,0.19,3,30,2011,May,10,88.2,328239523,14.7,270663028,37.09024,-95.712891
400,BuzzFeedVideo,20100000,17913237851,People & Blogs,BuzzFeedVideo,7737,United States,US,People,150,108,20,9112000,2300,36400,27300,437400,nan,2011,Aug,10,88.2,328239523,14.7,270663028,37.09024,-95.712891
401,REACT,20000000,13154314376,Entertainment,REACT,4339,United States,US,Entertainment,281,109,104,23206000,5800,92800,69600,1100000,nan,2007,Jun,4,88.2,328239523,14.7,270663028,37.09024,-95.712891
402,Vevo,20000000,559765455,Music,Vevo,1527,United States,US,Music,22747,109,96,1331000,333,5300,4000,63900,nan,2006,Apr,14,88.2,328239523,14.7,270663028,37.09024,-95.712891
408,Crafty Panda,19800000,5759442450,People & Blogs,Crafty Panda,760,United States,US,Entertainment,1120,111,105,6137000,1500,24500,18400,294600,100000,2017,Dec,3,88.2,328239523,14.7,270663028,37.09024,-95.712891
409,SOMOY TV,19800000,12293479945,News & Politics,TIME NEWS,9930,United States,US,News,1291541,2251,1555,16229,4,65,49,779,nan,2013,Nov,16,88.2,328239523,14.7,270663028,37.09024,-95.712891
410,JennaMarbles,19700000,1803249241,Comedy,JennaMarbles,250,United States,US,Comedy,5665,112,21,3769000,942,15100,11300,180900,nan,2010,Feb,16,88.2,328239523,14.7,270663028,37.09024,-95.712891
412,Official Pink Panther,19700000,10955619815,Film & Animation,OfficialPinkPanther,1,United States,US,Games,4052414,7741,7494,nan,0,0,0,0,nan,2011,Oct,6,88.2,328239523,14.7,270663028,37.09024,-95.712891
415,AS Gaming,19600000,2851024430,Gaming,ASGaming,17,United States,US,Games,3857915,7711,7464,23,0.01,0.09,0.07,1,nan,2009,Mar,5,88.2,328239523,14.7,270663028,37.09024,-95.712891
416,Sony AATH,19600000,13930021471,Shows,Sony AATH,18661,United States,US,Entertainment,257,112,106,274212000,68600,1100000,822600,13200000,300000,2013,Nov,13,88.2,328239523,14.7,270663028,37.09024,-95.712891
418,DaFuq!?Boom!,19600000,7906181776,Film & Animation,DaFuq!?Boom!,214,United States,US,Entertainment,656,112,106,2304000000,576000,9200000,6900000,110600000,6700000,2016,Jun,6,88.2,328239523,14.7,270663028,37.09024,-95.712891
419,Clash of Clans,19600000,3961318438,Gaming,Clash of Clans,674,United States,US,Games,1934,113,30,22292000,5600,89200,66900,1100000,nan,2013,Jan,31,88.2,328239523,14.7,270663028,37.09024,-95.712891
428,shane,19200000,4329121104,People & Blogs,shane,570,United States,US,Comedy,1705,114,22,2730000,683,10900,8200,131100,nan,2005,Sep,22,88.2,328239523,14.7,270663028,37.09024,-95.712891
430,Jimmy Kimmel Live,19100000,13124645973,Entertainment,Jimmy Kimmel Live,6526,United States,US,Comedy,283,115,23,17243000,4300,69000,51700,827600,nan,2006,Sep,20,88.2,328239523,14.7,270663028,37.09024,-95.712891
431,TheOdd1sOut,19100000,4566120190,Comedy,TheOdd1sOut,139,United States,US,Comedy,1568,115,23,30986000,7700,123900,93000,1500000,nan,2014,Aug,30,88.2,328239523,14.7,270663028,37.09024,-95.712891
443,TED-Ed,18800000,3654621568,Education,TED-Ed,2072,United States,US,Education,2163,117,25,29874000,7500,119500,89600,1400000,100000,2011,Mar,1,88.2,328239523,14.7,270663028,37.09024,-95.712891
447,Farruko,18800000,9573641299,Music,Farruko,217,United States,US,Music,485,117,100,97758000,24400,391000,293300,4700000,100000,2009,Oct,30,88.2,328239523,14.7,270663028,37.09024,-95.712891
453,Smile Family Spanish,18600000,7008250496,nan,Smile Family Spanish,457,United States,US,Entertainment,830,118,115,43396000,10800,173600,130200,2100000,200000,2019,Jun,19,88.2,328239523,14.7,270663028,37.09024,-95.712891
461,PDK Films,18400000,4120324310,Entertainment,PDK Films,111,United States,US,Entertainment,1825,120,116,14430000,3600,57700,43300,692600,nan,2009,Jul,21,88.2,328239523,14.7,270663028,37.09024,-95.712891
465,shakiraVEVO,18400000,25367126292,Music,shakiraVEVO,197,United States,US,Music,72,120,103,267126000,66800,1100000,801400,12800000,nan,2009,Sep,2,88.2,328239523,14.7,270663028,37.09024,-95.712891
467,Miley Cyrus,18300000,7760819588,Entertainment,Miley Cyrus,142,United States,US,Entertainment,696,121,117,127982000,32000,511900,383900,6100000,100000,2009,Sep,15,88.2,328239523,14.7,270663028,37.09024,-95.712891
468,IShowSpeed,18300000,1556003039,Gaming,IShowSpeed,1324,United States,US,Games,6734,120,33,140261000,35100,561000,420800,6700000,800000,2016,Mar,21,88.2,328239523,14.7,270663028,37.09024,-95.712891
472,Jake Fellman,18100000,13378360425,Entertainment,Jake Fellman,420,United States,US,Entertainment,274,122,118,497044000,124300,2000000,1500000,23900000,700000,2012,Oct,13,88.2,328239523,14.7,270663028,37.09024,-95.712891
475,Blippi - Educational Videos for Kids,18100000,14857290259,Education,Blippi - Educational Videos for Kids,707,United States,US,Education,224,123,26,180412000,45100,721600,541200,8700000,300000,2014,Jan,27,88.2,328239523,14.7,270663028,37.09024,-95.712891
480,And TV,18000000,15412333005,Entertainment,ANDtv,45,United States,US,Entertainment,4012108,7627,6667,4,0,0.02,0.01,0.19,nan,2006,Aug,4,88.2,328239523,14.7,270663028,37.09024,-95.712891
481,Sebasti���,18000000,10463166404,News & Politics,Sebasti���,237,United States,US,Music,406,124,105,110776000,27700,443100,332300,5300000,nan,2013,Mar,30,88.2,328239523,14.7,270663028,37.09024,-95.712891
482,SonyMusicSouthVEVO,18000000,17921124985,Music,SonyMusicSouthVEVO,5692,United States,US,Music,148,123,104,257597000,64400,1000000,772800,12400000,100000,2014,Jul,14,88.2,328239523,14.7,270663028,37.09024,-95.712891
485,David Dobrik,17900000,7176572299,People & Blogs,David Dobrik,536,United States,US,People,801,125,28,8650000,2200,34600,26000,415200,100000,2014,Dec,19,88.2,328239523,14.7,270663028,37.09024,-95.712891
486,KatieAngel,17900000,3841205465,People & Blogs,KatieAngel,982,United States,US,Music,2014,125,106,51687000,12900,206700,155100,2500000,100000,2015,May,19,88.2,328239523,14.7,270663028,37.09024,-95.712891
488,Lele Pons,17900000,5244917119,Comedy,Lele Pons,185,United States,US,Entertainment,1264,125,121,18548000,4600,74200,55600,890300,nan,2015,Sep,19,88.2,328239523,14.7,270663028,37.09024,-95.712891
489,Demi Lovato,17900000,6888074944,Music,Demi Lovato,314,United States,US,Music,858,125,106,29182000,7300,116700,87500,1400000,nan,2008,Jan,30,88.2,328239523,14.7,270663028,37.09024,-95.712891
491,Jason Derulo,17900000,9887116267,Music,Jason Derulo,830,United States,US,Music,446,124,105,447891000,112000,1800000,1300000,21500000,400000,2008,Jul,21,88.2,328239523,14.7,270663028,37.09024,-95.712891
492,MGC Playhouse,17900000,16174530046,Shows,MGC Playhouse,1426,United States,US,Education,187,125,27,102621000,25700,410500,307900,4900000,100000,2009,Feb,3,88.2,328239523,14.7,270663028,37.09024,-95.712891
495,MSA previously My Story Animated,17800000,8588704539,Film & Animation,MSA Previously My Story Animated,26,United States,US,People,3976090,5208,4978,20708,5,83,62,994,2960,2021,Nov,9,88.2,328239523,14.7,270663028,37.09024,-95.712891
498,ArianaGrandeVevo,17700000,20115544708,Music,ArianaGrandeVevo,178,United States,US,Music,122,127,108,97422000,24400,389700,292300,4700000,nan,2010,Oct,21,88.2,328239523,14.7,270663028,37.09024,-95.712891
515,IGN,17500000,16107116549,Gaming,IGN,156215,United States,US,Games,189,129,37,98342000,24600,393400,295000,4700000,nan,2006,Sep,19,88.2,328239523,14.7,270663028,37.09024,-95.712891
516,Aphmau,17400000,17763586483,Gaming,Aphmau,4411,United States,US,Games,152,129,37,439870000,110000,1800000,1300000,21100000,400000,2012,Aug,13,88.2,328239523,14.7,270663028,37.09024,-95.712891
520,Apple,17300000,1026425106,Science & Technology,Apple,180,United States,US,Tech,11274,130,9,46484000,11600,185900,139500,2200000,100000,2005,Jun,22,88.2,328239523,14.7,270663028,37.09024,-95.712891
525,Marques Brownlee,17200000,3606912471,Science & Technology,Marques Brownlee,1567,United States,US,Tech,2196,131,10,52325000,13100,209300,157000,2500000,100000,2008,Mar,21,88.2,328239523,14.7,270663028,37.09024,-95.712891
532,Liza Koshy,17100000,2173106162,Comedy,Liza Koshy,142,United States,US,Entertainment,4443,132,127,1761000,440,7000,5300,84500,nan,2013,Sep,2,88.2,328239523,14.7,270663028,37.09024,-95.712891
536,LuisFonsiVEVO,17000000,14543594822,Music,LuisFonsiVEVO,97,United States,US,Music,241,133,112,49817000,12500,199300,149500,2400000,nan,2009,May,12,88.2,328239523,14.7,270663028,37.09024,-95.712891
538,Guava Juice,16900000,9111000228,Gaming,Guava Juice,1910,United States,US,Entertainment,527,134,129,10889000,2700,43600,32700,522600,nan,2006,Jul,18,88.2,328239523,14.7,270663028,37.09024,-95.712891
539,EeOneGuy,16900000,3827906874,Entertainment,EeOneGuy,366,United States,US,Entertainment,2039,134,129,1635000,409,6500,4900,78500,nan,2013,Mar,19,88.2,328239523,14.7,270663028,37.09024,-95.712891
540,VICE,16900000,4609753237,Entertainment,VICE,3900,United States,US,Entertainment,1543,134,129,36357000,9100,145400,109100,1700000,100000,2005,Dec,16,88.2,328239523,14.7,270663028,37.09024,-95.712891
542,Danny Fitt,16900000,9544277833,People & Blogs,Danny Fitt,2337,United States,US,Entertainment,488,134,129,275264000,68800,1100000,825800,13200000,700000,2016,Dec,31,88.2,328239523,14.7,270663028,37.09024,-95.712891
550,CoryxKenshin,16700000,7102965621,Gaming,CoryxKenshin,1693,United States,US,Games,814,135,39,105114000,26300,420500,315300,5000000,200000,2009,Apr,27,88.2,328239523,14.7,270663028,37.09024,-95.712891
552,Travis Scott,16700000,7979736581,Music,Travis Scott,13,United States,US,Music,564542,1920,1751,37623,9,150,113,1800,nan,2010,Sep,1,88.2,328239523,14.7,270663028,37.09024,-95.712891
561,Jordan Matter,16600000,5819508534,Entertainment,Jordan Matter,413,United States,US,Entertainment,1088,136,132,199033000,49800,796100,597100,9600000,300000,2006,Dec,21,88.2,328239523,14.7,270663028,37.09024,-95.712891
563,FailArmy,16500000,3037260680,Comedy,FailArmy,438,United States,US,Entertainment,2766,137,133,112986000,28200,451900,339000,5400000,100000,2011,Jul,5,88.2,328239523,14.7,270663028,37.09024,-95.712891
565,FunFun Toy Doll TV,16500000,7406207930,Entertainment,FunFun Toy Doll TV,735,United States,US,Entertainment,757,137,133,24378000,6100,97500,73100,1200000,nan,2016,May,31,88.2,328239523,14.7,270663028,37.09024,-95.712891
566,Sandra Cires Art,16400000,3955426159,Howto & Style,Sandra Cires Art,1091,United States,US,Entertainment,1938,138,134,18028000,4500,72100,54100,865300,nan,2011,Sep,27,88.2,328239523,14.7,270663028,37.09024,-95.712891
568,UFC - Ultimate Fighting Championship,16400000,7135820721,Sports,UFC - Ultimate Fighting Championship,14662,United States,US,Sports,806,138,7,133208000,33300,532800,399600,6400000,100000,2006,Mar,4,88.2,328239523,14.7,270663028,37.09024,-95.712891
573,Matt Stonie,16300000,3527627264,Entertainment,MattStonie,54,United States,US,Entertainment,283499,1874,1836,29735,7,119,89,1400,nan,2010,Jun,19,88.2,328239523,14.7,270663028,37.09024,-95.712891
574,Boyce Avenue,16300000,6578828147,Music,Boyce Avenue,490,United States,US,Music,913,139,117,28787000,7200,115100,86400,1400000,nan,2007,Sep,2,88.2,328239523,14.7,270663028,37.09024,-95.712891
575,Camila Cabello,16300000,6613422635,Music,Camila Cabello,80,United States,US,Music,906,139,117,42704000,10700,170800,128100,2000000,100000,2015,Aug,11,88.2,328239523,14.7,270663028,37.09024,-95.712891
578,Pitbull,16300000,12475714382,Music,Pitbull,352,United States,US,Music,308,139,117,88004000,22000,352000,264000,4200000,nan,2006,Jul,5,88.2,328239523,14.7,270663028,37.09024,-95.712891
580,Technoblade,16300000,1656452554,Gaming,Technoblade,989,United States,US,Games,6274,138,40,17944000,4500,71800,53800,861300,200000,2013,Oct,28,88.2,328239523,14.7,270663028,37.09024,-95.712891
582,Jennifer Lopez,16200000,10227242833,Music,Jennifer Lopez,258,United States,US,Music,426,140,118,63441000,15900,253800,190300,3000000,nan,2005,Nov,18,88.2,328239523,14.7,270663028,37.09024,-95.712891
583,Kids Play,16200000,8091706232,Entertainment,Kids Play,593,United States,US,Entertainment,636,140,136,25912000,6500,103600,77700,1200000,nan,2018,May,14,88.2,328239523,14.7,270663028,37.09024,-95.712891
589,XO TEAM,16200000,14784781923,People & Blogs,XO TEAM Family,189,United States,US,People,153622,1776,1495,37911,9,152,114,1800,1000,2020,Sep,12,88.2,328239523,14.7,270663028,37.09024,-95.712891
594,Vlad and Niki ARA,16100000,7399296005,nan,Vlad and Niki ARA,510,United States,US,Entertainment,759,141,137,32011000,8000,128000,96000,1500000,100000,2019,May,24,88.2,328239523,14.7,270663028,37.09024,-95.712891
597,Daily Dose Of Internet,16100000,6872702790,Entertainment,Daily Dose Of Internet,671,United States,US,Entertainment,851,140,136,399807000,100000,1600000,1200000,19200000,300000,2015,Jul,15,88.2,328239523,14.7,270663028,37.09024,-95.712891
600,Disney Junior,16100000,15812009296,Entertainment,Disney Junior,4045,United States,US,Entertainment,196,140,136,267131000,66800,1100000,801400,12800000,300000,2008,Apr,22,88.2,328239523,14.7,270663028,37.09024,-95.712891
608,DopeLyrics,15900000,9962188084,Music,DopeLyrics,2035,United States,US,Music,444,142,120,9915000,2500,39700,29700,475900,nan,2016,Jun,9,88.2,328239523,14.7,270663028,37.09024,-95.712891
609,jeffreestar,15900000,2609358468,Howto & Style,jeffreestar,433,United States,US,Howto,3474,142,20,2006000,502,8000,6000,96300,nan,2006,Feb,14,88.2,328239523,14.7,270663028,37.09024,-95.712891
612,Unspeakable,15900000,9052367553,Gaming,Unspeakable,796,United States,US,People,530,142,40,164895000,41200,659600,494700,7900000,200000,2016,May,1,88.2,328239523,14.7,270663028,37.09024,-95.712891
617,Rotten Tomatoes Trailers,15800000,13116313599,Film & Animation,Rotten Tomatoes Trailers,10441,United States,US,Film,285,143,32,25738000,6400,103000,77200,1200000,100000,2011,Apr,1,88.2,328239523,14.7,270663028,37.09024,-95.712891
623,Prime Video India,15700000,8696631898,Entertainment,Prime Video India,7090,United States,US,Entertainment,569,144,139,335111000,83800,1300000,1000000,16100000,1200000,2016,Oct,3,88.2,328239523,14.7,270663028,37.09024,-95.712891
628,5-Minute Crafts FAMILY,15600000,6165757696,People & Blogs,5-Minute Crafts FAMILY,4245,United States,US,Howto,1005,145,21,27382000,6800,109500,82100,1300000,nan,2018,Dec,13,88.2,328239523,14.7,270663028,37.09024,-95.712891
635,Mr DegrEE,15500000,12880388253,Science & Technology,MrDegree,0,United States,US,Entertainment,4057944,5048,4453,nan,0,0,0,0,10,2016,Mar,2,88.2,328239523,14.7,270663028,37.09024,-95.712891
637,Talking Tom & Friends,15500000,6396049701,Entertainment,Talking Tom & Friends,417,United States,US,Film,956,146,34,27375000,6800,109500,82100,1300000,nan,2010,Oct,14,88.2,328239523,14.7,270663028,37.09024,-95.712891
641,Mobile Legends: Bang Bang,15400000,1543608082,Gaming,Mobile Legends: Bang Bang,1647,United States,US,Games,6793,147,45,55369000,13800,221500,166100,2700000,100000,2016,Jul,14,88.2,328239523,14.7,270663028,37.09024,-95.712891
642,Roman Atwood Vlogs,15400000,5469103954,People & Blogs,Roman Atwood Vlogs,1756,United States,US,People,1201,147,42,1583000,396,6300,4700,76000,nan,2013,Aug,12,88.2,328239523,14.7,270663028,37.09024,-95.712891
645,zayn,15400000,4909687948,Music,zayn,21,United States,US,Music,1401,147,124,36790000,9200,147200,110400,1800000,100000,2016,Jan,26,88.2,328239523,14.7,270663028,37.09024,-95.712891
648,Dave and Ava - Nursery Rhymes and Baby Songs,15300000,10714145606,Education,Dave and Ava - Nursery Rhymes and Baby Songs,851,United States,US,Education,390,148,33,77053000,19300,308200,231200,3700000,nan,2014,Dec,4,88.2,328239523,14.7,270663028,37.09024,-95.712891
659,CNN,15200000,14198154095,News & Politics,CNN,160405,United States,US,News,247,148,16,187006000,46800,748000,561000,9000000,100000,2005,Oct,2,88.2,328239523,14.7,270663028,37.09024,-95.712891
661,It's Mamix,15100000,1777072487,People & Blogs,It's Mamix,210,United States,US,People,5778,150,44,15984000,4000,63900,48000,767200,nan,2017,Feb,1,88.2,328239523,14.7,270663028,37.09024,-95.712891
666,PowerfulJRE,15100000,3060202847,People & Blogs,PowerfulJRE,1037,United States,US,People,2796,149,43,43409000,10900,173600,130200,2100000,200000,2013,Jan,12,88.2,328239523,14.7,270663028,37.09024,-95.712891
667,Mariale,15100000,2761547758,Howto & Style,Mariale,2618,United States,US,Entertainment,3241,150,145,11956000,3000,47800,35900,573900,nan,2010,Jan,6,88.2,328239523,14.7,270663028,37.09024,-95.712891
680,League of Legends,15000000,7159750970,Gaming,League of Legends,1362,United States,US,Games,805,151,48,43133000,10800,172500,129400,2100000,nan,2009,Feb,9,88.2,328239523,14.7,270663028,37.09024,-95.712891
681,TheRichest,15000000,2730879024,Education,Therichest,0,United States,US,Games,4057944,7692,7445,nan,0,0,0,0,nan,2006,May,25,88.2,328239523,14.7,270663028,37.09024,-95.712891
683,PlayStation,15000000,4741434420,Gaming,PlayStation,20292,United States,US,Games,1469,151,48,41789000,10400,167200,125400,2000000,100000,2005,Dec,16,88.2,328239523,14.7,270663028,37.09024,-95.712891
684,Kwebbelkop,15000000,6889304306,Gaming,Kwebbelkop,5198,United States,US,Film,857,151,37,29724000,7400,118900,89200,1400000,100000,2008,Apr,2,88.2,328239523,14.7,270663028,37.09024,-95.712891
689,Ray William Johnson,15000000,10239836582,Entertainment,Ray William Johnson,1803,United States,US,Comedy,423,151,29,312858000,78200,1300000,938600,15000000,200000,2008,May,26,88.2,328239523,14.7,270663028,37.09024,-95.712891
694,50 Cent,14900000,10069000444,Music,50 Cent,419,United States,US,Music,435,152,129,119812000,30000,479200,359400,5800000,100000,2007,Feb,8,88.2,328239523,14.7,270663028,37.09024,-95.712891
696,ERB,14900000,4033400167,Entertainment,ERB,86,United States,US,Entertainment,1886,152,147,11043000,2800,44200,33100,530100,nan,2006,Feb,8,88.2,328239523,14.7,270663028,37.09024,-95.712891
697,melanie martinez,14900000,4395184343,Music,melanie martinez,127,United States,US,Music,1656,152,129,56358000,14100,225400,169100,2700000,100000,2007,Nov,3,88.2,328239523,14.7,270663028,37.09024,-95.712891
704,Fueled By Ramen,14800000,13356517783,Music,Fueled By Ramen,1210,United States,US,Entertainment,276,153,148,61205000,15300,244800,183600,2900000,nan,2006,Jun,9,88.2,328239523,14.7,270663028,37.09024,-95.712891
705,CrashCourse,14800000,1833519700,Education,CrashCourse,1481,United States,US,Education,5533,153,35,7177000,1800,28700,21500,344500,nan,2006,May,20,88.2,328239523,14.7,270663028,37.09024,-95.712891
706,MattyBRaps,14800000,3587576784,Music,MattyBRaps,195,United States,US,Music,2226,153,130,22980000,5700,91900,68900,1100000,nan,2010,May,31,88.2,328239523,14.7,270663028,37.09024,-95.712891
709,Meghan Trainor,14800000,8649303688,People & Blogs,Meghan Trainor,233,United States,US,Music,580,153,130,51645000,12900,206600,154900,2500000,nan,2008,Jun,4,88.2,328239523,14.7,270663028,37.09024,-95.712891
713,Filaretiki,14800000,15788208522,nan,Filaretiki,2222,United States,US,People,195,152,46,1203000000,300800,4800000,3600000,57800000,1700000,2021,Mar,24,88.2,328239523,14.7,270663028,37.09024,-95.712891
714,5-Minute Crafts Recycle,14800000,8866012877,People & Blogs,5-Minute Crafts Recycle,3867,United States,US,Howto,554,153,25,53181000,13300,212700,159500,2600000,nan,2019,Jun,7,88.2,328239523,14.7,270663028,37.09024,-95.712891
716,Maha Fun Tv,14700000,1321380490,Entertainment,Maha Fun Tv,85,United States,US,Entertainment,8317,154,149,4781000,1200,19100,14300,229500,nan,2017,Sep,5,88.2,328239523,14.7,270663028,37.09024,-95.712891
718,The Slow Mo Guys,14700000,2465473772,Entertainment,The Slow Mo Guys,317,United States,US,Education,3746,154,36,18978000,4700,75900,56900,911000,nan,2010,Aug,15,88.2,328239523,14.7,270663028,37.09024,-95.712891
720,Chad Wild Clay,14700000,6751985988,Comedy,Chad Wild Clay,698,United States,US,Entertainment,885,154,149,36338000,9100,145400,109000,1700000,100000,2006,Mar,26,88.2,328239523,14.7,270663028,37.09024,-95.712891
721,CollegeHumor,14700000,7255848125,Comedy,CollegeHumor,4340,United States,US,Comedy,798,154,30,55583000,0,0,0,0,nan,2006,Oct,9,88.2,328239523,14.7,270663028,37.09024,-95.712891
722,Netflix Jr.,14700000,8882319696,Education,Netflix Jr.,1996,United States,US,Education,552,154,36,79402000,19900,317600,238200,3800000,100000,2012,Jan,28,88.2,328239523,14.7,270663028,37.09024,-95.712891
724,ABC News,14700000,12961669452,News & Politics,ABC News,80830,United States,US,News,289,154,18,185709000,46400,742800,557100,8900000,100000,2006,Aug,7,88.2,328239523,14.7,270663028,37.09024,-95.712891
728,Jesser,14600000,3603556207,Gaming,Jesser,1244,United States,US,Entertainment,2223,155,150,92594000,23100,370400,277800,4400000,400000,2012,Jul,9,88.2,328239523,14.7,270663028,37.09024,-95.712891
730,PrestonPlayz,14600000,5766647017,Gaming,Preston,4009,United States,US,Entertainment,621,78,72,151697000,37900,606800,455100,7300000,200000,2012,Jul,4,88.2,328239523,14.7,270663028,37.09024,-95.712891
731,Martin Garrix,14600000,6017932195,Music,Martin Garrix,365,United States,US,Music,1044,155,131,35528000,8900,142100,106600,1700000,nan,2011,Jan,15,88.2,328239523,14.7,270663028,37.09024,-95.712891
733,Fifth Harmony,14600000,7952268926,Music,Fifth Harmony,67,United States,US,Music,659,155,131,37632000,9400,150500,112900,1800000,nan,2013,Feb,21,88.2,328239523,14.7,270663028,37.09024,-95.712891
737,Like Nastya Stories,14500000,6944967581,Entertainment,Like Nastya Stories,479,United States,US,Entertainment,848,156,151,29941000,7500,119800,89800,1400000,nan,2019,Sep,9,88.2,328239523,14.7,270663028,37.09024,-95.712891
738,les boys tv2,14500000,4577292740,Entertainment,les boys tv2,453,United States,US,Film,1565,156,39,449576,112,1800,1300,21600,nan,2017,Feb,7,88.2,328239523,14.7,270663028,37.09024,-95.712891
741,Reaction Time,14500000,4260187928,Entertainment,Reaction Time,1717,United States,US,Entertainment,1747,156,151,9910000,2500,39600,29700,475700,nan,2015,Apr,25,88.2,328239523,14.7,270663028,37.09024,-95.712891
743,Eli Kids - Cartoons & Songs,14500000,4821183481,nan,Eli Kids - Cartoons & Songs,605,United States,US,Music,1423,156,132,149241000,37300,597000,447700,7200000,400000,2018,Jan,16,88.2,328239523,14.7,270663028,37.09024,-95.712891
746,Telemundo,14500000,8582696157,Entertainment,Telemundo,19201,United States,US,Entertainment,592,156,151,48285000,12100,193100,144900,2300000,nan,2007,Jan,3,88.2,328239523,14.7,270663028,37.09024,-95.712891
749,Maroon5VEVO,14500000,20042571499,Music,Maroon5VEVO,147,United States,US,Music,123,156,132,98185000,24500,392700,294600,4700000,nan,2009,May,12,88.2,328239523,14.7,270663028,37.09024,-95.712891
759,Rclbeauty101,14400000,3900312631,Comedy,Rclbeauty101,463,United States,US,Entertainment,1986,157,152,8636000,2200,34500,25900,414500,nan,2010,Dec,14,88.2,328239523,14.7,270663028,37.09024,-95.712891
760,Coke Studio,14400000,4035738731,Music,Rohail Hyatt,450,United States,US,Music,23796,962,836,3557000,889,14200,10700,170700,10000,2008,Jun,4,88.2,328239523,14.7,270663028,37.09024,-95.712891
762,Rosanna Pansino,14400000,4597228794,Howto & Style,Rosanna Pansino,1248,United States,US,Howto,1552,157,27,26683000,6700,106700,80000,1300000,nan,2010,Apr,8,88.2,328239523,14.7,270663028,37.09024,-95.712891
763,Harry Styles,14400000,5689224452,People & Blogs,harrystyles,0,United States,US,Games,4037956,7574,7340,nan,0,0,0,0,nan,nan,nan,nan,88.2,328239523,14.7,270663028,37.09024,-95.712891
764,Vlad and Niki PRT,14400000,6543282459,nan,Vlad and Niki PRT,516,United States,US,Entertainment,918,157,152,40089000,10000,160400,120300,1900000,nan,2018,Nov,3,88.2,328239523,14.7,270663028,37.09024,-95.712891
767,SelenaGomezVEVO,14400000,11423792969,Music,SelenaGomezVEVO,186,United States,US,Music,354,157,133,88657000,22200,354600,266000,4300000,nan,2009,Nov,24,88.2,328239523,14.7,270663028,37.09024,-95.712891
769,Super Polina,14300000,4776507159,People & Blogs,Super Polina,576,United States,US,Entertainment,1452,158,153,413774,103,1700,1200,19900,100000,2014,Jul,8,88.2,328239523,14.7,270663028,37.09024,-95.712891
770,Rebecca Zamolo,14300000,6388439235,Comedy,RebeccaZamolo,1,United States,US,Entertainment,4054606,6342,5464,nan,0,0,0,0,nan,2011,Aug,4,88.2,328239523,14.7,270663028,37.09024,-95.712891
782,DangMattSmith,14200000,3317805543,Entertainment,DangMattSmith,1724,United States,US,Entertainment,2485,159,154,12902000,3200,51600,38700,619300,nan,2011,Aug,18,88.2,328239523,14.7,270663028,37.09024,-95.712891
789,Lana Del Rey,14100000,6884215292,Music,Lana Del Rey,43,United States,US,Music,856,160,135,135563000,33900,542300,406700,6500000,200000,2011,May,5,88.2,328239523,14.7,270663028,37.09024,-95.712891
790,MalumaVEVO,14100000,19013942981,Music,MalumaVEVO,182,United States,US,Music,138,160,135,98834000,24700,395300,296500,4700000,nan,2011,Jun,15,88.2,328239523,14.7,270663028,37.09024,-95.712891
799,ViralHog,14000000,18917687143,People & Blogs,ViralHog,41117,United States,US,Animals,136,159,3,1364000000,340900,5500000,4100000,65500000,1100000,2014,Aug,22,88.2,328239523,14.7,270663028,37.09024,-95.712891
805,Darkar Company Studios,13900000,2244318380,Film & Animation,Darkar Company Studios,183,United States,US,Comedy,4234,161,35,4598000,1100,18400,13800,220700,nan,2009,Feb,15,88.2,328239523,14.7,270663028,37.09024,-95.712891
808,ADEL et SAMI,13900000,5465532801,Entertainment,ADEL et SAMI,503,United States,US,Entertainment,1200,161,157,26883000,6700,107500,80600,1300000,nan,2018,Mar,12,88.2,328239523,14.7,270663028,37.09024,-95.712891
810,Atlantic Records,13900000,12513842343,Music,Atlantic Records,1660,United States,US,Music,307,161,137,97284000,24300,389100,291900,4700000,100000,2006,Dec,15,88.2,328239523,14.7,270663028,37.09024,-95.712891
812,Veritasium,13900000,2165885634,Education,Veritasium,369,United States,US,Education,4466,161,38,44149000,11000,176600,132400,2100000,200000,2010,Jul,21,88.2,328239523,14.7,270663028,37.09024,-95.712891
814,Airrack,13800000,2224911030,Entertainment,Airrack,173,United States,US,Entertainment,4285,161,157,99654000,24900,398600,299000,4800000,300000,2015,Jan,3,88.2,328239523,14.7,270663028,37.09024,-95.712891
834,DALLMYD,13600000,1948925559,Sports,DALLMYD,412,United States,US,Sports,5133,164,11,30677000,7700,122700,92000,1500000,100000,2011,Feb,1,88.2,328239523,14.7,270663028,37.09024,-95.712891
835,Lindsey Stirling,13600000,3764608356,Music,Lindsey Stirling,199,United States,US,Music,2084,163,139,15277000,3800,61100,45800,733300,100000,2007,May,20,88.2,328239523,14.7,270663028,37.09024,-95.712891
838,Saturday Night Live,13600000,14717282742,Entertainment,Saturday Night Live,8335,United States,US,Comedy,232,164,37,56626000,14200,226500,169900,2700000,nan,2013,Jul,23,88.2,328239523,14.7,270663028,37.09024,-95.712891
848,Conor Maynard,13500000,2750993392,Music,Conor Maynard,321,United States,US,Music,3257,165,140,10787000,2700,43100,32400,517800,nan,2006,May,19,88.2,328239523,14.7,270663028,37.09024,-95.712891
849,Wengie,13500000,1900272833,Howto & Style,Wengie,462,United States,US,Howto,5297,165,30,1335000,334,5300,4000,64100,100000,2010,Sep,9,88.2,328239523,14.7,270663028,37.09024,-95.712891
850,Vlad y Niki Show,13400000,4622628957,nan,Vlad y Niki Show,477,United States,US,Entertainment,1537,166,162,92228000,23100,368900,276700,4400000,200000,2018,Nov,8,88.2,328239523,14.7,270663028,37.09024,-95.712891
855,ATHLEAN-X�,13400000,2319515787,Howto & Style,ATHLEAN-X�,1349,United States,US,Howto,4039,166,31,14498000,3600,58000,43500,695900,nan,2006,Dec,16,88.2,328239523,14.7,270663028,37.09024,-95.712891
857,H2ODelirious,13400000,4356686216,Gaming,H2ODelirious,3727,United States,US,Games,1683,166,62,16785000,4200,67100,50400,805700,nan,2007,May,24,88.2,328239523,14.7,270663028,37.09024,-95.712891
859,Peet Montzingo,13400000,10022557589,People & Blogs,Peet Montzingo,319,United States,US,People,433,165,52,397715000,99400,1600000,1200000,19100000,500000,2014,Jun,1,88.2,328239523,14.7,270663028,37.09024,-95.712891
860,The Q,13400000,4306212515,People & Blogs,Tom Duggan,96,United States,US,Sports,3846885,7615,4466,3,0,0.01,0.01,0.14,1,2006,Jan,17,88.2,328239523,14.7,270663028,37.09024,-95.712891
862,theRadBrad,13300000,6050102764,Gaming,theRadBrad,8195,United States,US,Games,1038,167,63,15694000,3900,62800,47100,753300,nan,2006,Nov,27,88.2,328239523,14.7,270663028,37.09024,-95.712891
863,Matt Steffanina,13300000,3299216601,Entertainment,Matt Steffanina,331,United States,US,Entertainment,14275,692,694,1929000,482,7700,5800,92600,nan,2007,Nov,28,88.2,328239523,14.7,270663028,37.09024,-95.712891
865,Kurt Hugo Schneider,13300000,3733856870,Entertainment,Kurt Hugo Schneider,698,United States,US,Entertainment,2110,167,163,4233000,1100,16900,12700,203200,nan,2007,Oct,16,88.2,328239523,14.7,270663028,37.09024,-95.712891
866,Vogue,13300000,4177184071,Entertainment,Vogue,3166,United States,US,People,1789,167,54,45095000,11300,180400,135300,2200000,100000,2008,Jun,29,88.2,328239523,14.7,270663028,37.09024,-95.712891
868,Kids Line�������,13300000,9088562002,People & Blogs,Kids Line�������,2742,United States,US,Education,524,166,41,161889000,40500,647600,485700,7800000,100000,2011,Nov,26,88.2,328239523,14.7,270663028,37.09024,-95.712891
870,penguinz0,13300000,7773543609,Gaming,penguinz0,4613,United States,US,Entertainment,689,166,162,188948000,47200,755800,566800,9100000,200000,2007,May,7,88.2,328239523,14.7,270663028,37.09024,-95.712891
871,Just For Laughs Gags,13300000,7406628736,Comedy,Just For Laughs Gags,6916,United States,US,Comedy,764,167,38,17468000,4400,69900,52400,838500,100000,2007,Jan,14,88.2,328239523,14.7,270663028,37.09024,-95.712891
875,HUBA��,13200000,9884886099,Entertainment,HUBA��,538,United States,US,Entertainment,454,167,163,319647000,79900,1300000,958900,15300000,500000,2021,Feb,20,88.2,328239523,14.7,270663028,37.09024,-95.712891
882,The Infographics Show,13200000,5263540904,Education,The Infographics Show,4279,United States,US,Education,1252,168,42,51820000,13000,207300,155500,2500000,100000,2011,Feb,26,88.2,328239523,14.7,270663028,37.09024,-95.712891
887,Ryan Trahan,13100000,2182651464,Entertainment,Ryan Trahan,33,United States,US,People,4051001,7683,7670,248,0.06,0.99,0.74,12,1,2022,Jun,27,88.2,328239523,14.7,270663028,37.09024,-95.712891
889,WiederDude,13100000,2733682792,nan,WiederDude,289,United States,US,Games,3275,169,65,56894000,14200,227600,170700,2700000,100000,2016,Jun,12,88.2,328239523,14.7,270663028,37.09024,-95.712891
899,twenty one pilots,13100000,5264039679,Music,twenty one pilots,194,United States,US,Music,1255,169,143,50922000,12700,203700,152800,2400000,nan,2009,Sep,5,88.2,328239523,14.7,270663028,37.09024,-95.712891
907,JesseAndMike,13000000,9999238237,Entertainment,JesseAndMike,716,United States,US,Entertainment,440,170,166,41109000,10300,164400,123300,2000000,nan,2007,Apr,29,88.2,328239523,14.7,270663028,37.09024,-95.712891
911,The LaBrant Fam,13000000,4637474071,Comedy,The LaBrant Fam,612,United States,US,People,1557,170,57,42412000,0,0,0,0,nan,2012,Aug,24,88.2,328239523,14.7,270663028,37.09024,-95.712891
916,Top Viral Talent,12900000,3643698504,Entertainment,Top Viral Talent,1598,United States,US,Entertainment,2177,171,167,29379000,7300,117500,88100,1400000,100000,2014,Jan,2,88.2,328239523,14.7,270663028,37.09024,-95.712891
917,Akon,12900000,6300933122,Music,Akon,39,United States,US,Music,976,171,145,91240000,22800,365000,273700,4400000,100000,2005,Nov,5,88.2,328239523,14.7,270663028,37.09024,-95.712891
920,EnriqueIglesiasVEVO,12900000,15446707595,Music,EnriqueIglesiasVEVO,137,United States,US,Music,210,171,145,75773000,18900,303100,227300,3600000,100000,2009,May,12,88.2,328239523,14.7,270663028,37.09024,-95.712891
928,Adam W,12800000,9502983550,Comedy,Adam W,681,United States,US,Comedy,492,171,39,228951000,57200,915800,686900,11000000,200000,2015,Oct,4,88.2,328239523,14.7,270663028,37.09024,-95.712891
930,Beyonc��,12800000,14185611472,Music,Beyonc��,168,United States,US,Music,250,172,146,89566000,22400,358300,268700,4300000,nan,2009,Sep,2,88.2,328239523,14.7,270663028,37.09024,-95.712891
935,Diana and Roma IND,12700000,5567832210,nan,Diana and Roma IND,534,United States,US,Entertainment,1173,173,169,46602000,11700,186400,139800,2200000,100000,2019,Nov,7,88.2,328239523,14.7,270663028,37.09024,-95.712891
937,Future,12700000,9927699419,Music,Future AMV's,119,United States,US,Film,270216,1944,1473,472367,118,1900,1400,22700,1000,2020,Nov,7,88.2,328239523,14.7,270663028,37.09024,-95.712891
938,YoungBoy Never Broke Again,12700000,13174393401,Entertainment,YoungBoy Never Broke Again,142,United States,US,Music,279,173,147,169968000,42500,679900,509900,8200000,100000,2015,Jan,4,88.2,328239523,14.7,270663028,37.09024,-95.712891
939,Blossom,12700000,4733873025,Howto & Style,Blossom,812,United States,US,Howto,1472,173,36,43868000,11000,175500,131600,2100000,100000,2017,Jun,1,88.2,328239523,14.7,270663028,37.09024,-95.712891
942,Heidi y Zidane,12700000,6001189018,nan,Heidi y Zidane,600,United States,US,People,1052,173,60,16117000,4000,64500,48400,773600,nan,2019,Dec,2,88.2,328239523,14.7,270663028,37.09024,-95.712891
945,CaseyNeistat,12600000,3152402405,People & Blogs,CaseyNeistat,1101,United States,US,People,2681,174,61,5952000,1500,23800,17900,285700,100000,2010,Feb,15,88.2,328239523,14.7,270663028,37.09024,-95.712891
947,NickiMinajAtVEVO,12600000,8831179714,Music,NickiMinajAtVEVO,99,United States,US,Music,557,174,148,35027000,8800,140100,105100,1700000,nan,2010,Apr,1,88.2,328239523,14.7,270663028,37.09024,-95.712891
950,People Vs Food,12500000,1136534702,Entertainment,People Vs Food,601,United States,US,Entertainment,9980,175,171,15340000,3800,61400,46000,736300,nan,2013,Jul,30,88.2,328239523,14.7,270663028,37.09024,-95.712891
951,Wolfoo Family,12500000,161254021,nan,Wolfoo Family,61,United States,US,Film,81750,175,46,757789000,0,0,0,0,nan,2019,Oct,21,88.2,328239523,14.7,270663028,37.09024,-95.712891
956,First We Feast,12500000,2983799729,Howto & Style,First We Feast,1076,United States,US,Entertainment,2892,175,171,111252000,27800,445000,333800,5300000,200000,2014,Feb,28,88.2,328239523,14.7,270663028,37.09024,-95.712891
958,Bebefinn - Nursery Rhymes & Kids Songs,12500000,4163639093,nan,Bebefinn - Nursery Rhymes & Kids Songs,322,United States,US,Entertainment,1794,175,171,565459000,0,0,0,0,500000,2022,Mar,30,88.2,328239523,14.7,270663028,37.09024,-95.712891
971,_vector_,12400000,7597013023,Comedy,_vector_,398,United States,US,Comedy,720,176,43,903672000,225900,3600000,2700000,43400000,1200000,2019,Mar,24,88.2,328239523,14.7,270663028,37.09024,-95.712891
974,LOUD,12400000,2394143260,Gaming,WatchLOUD,690,United States,US,Entertainment,186431,1795,1759,27596,7,110,83,1300,nan,2006,Jan,4,88.2,328239523,14.7,270663028,37.09024,-95.712891
984,MoniLina,12400000,16086808918,Comedy,MoniLinaFamily,0,United States,US,People,4057944,2774,2499,nan,0,0,0,0,100,2016,May,10,88.2,328239523,14.7,270663028,37.09024,-95.712891
988,Avril Lavigne,12400000,6202090191,Music,Avril Lavigne,205,United States,US,Music,999,176,150,50188000,12500,200800,150600,2400000,nan,2005,Oct,8,88.2,328239523,14.7,270663028,37.09024,-95.712891
989,Caylus,12400000,4779139505,Education,Caylus,1340,United States,US,Games,1442,175,68,177600000,44400,710400,532800,8500000,400000,2016,Apr,6,88.2,328239523,14.7,270663028,37.09024,-95.712891
990,Migos ATL,12400000,6993406259,Music,Migos ATL,99,United States,US,Entertainment,833,175,171,49412000,12400,197600,148200,2400000,100000,2012,Jan,17,88.2,328239523,14.7,270663028,37.09024,-95.712891
Binary file Global YouTube Statistics.csv matches
